feature,rank,gain,split_importance,bin_order,bin_label,lower_bound,upper_bound,is_missing_bin,split_value,good,bad,total,bad_rate,pop_pct,woe,iv_component,status,skip_reason
d360_apl_ord_ddf_mdl_ord_crt_dte_min,1,2331466.470018983,458,0,Missing,,,True,DEV,2018543,19090,2037633,0.009368713600535523,0.5660091666666667,-2.9492937602871443,1.8500315081677128,ok,
d360_apl_ord_ddf_mdl_ord_crt_dte_min,1,2331466.470018983,458,1,"(-inf, 8]",-inf,8.0,False,DEV,46701,118569,165270,0.7174260301325104,0.045908333333333336,2.6433699037814393,0.5287325282151929,ok,
d360_apl_ord_ddf_mdl_ord_crt_dte_min,1,2331466.470018983,458,2,"(8, 18]",8.0,18.0,False,DEV,53891,102687,156578,0.6558201024409559,0.04349388888888889,2.3563645310738064,0.3978028297125159,ok,
d360_apl_ord_ddf_mdl_ord_crt_dte_min,1,2331466.470018983,458,3,"(18, 31]",18.0,31.0,False,DEV,64783,87506,152289,0.5746048631220902,0.0423025,2.0123090363258287,0.27705089337424893,ok,
d360_apl_ord_ddf_mdl_ord_crt_dte_min,1,2331466.470018983,458,4,"(31, 47]",31.0,47.0,False,DEV,91060,64488,155548,0.41458585131277803,0.043207777777777776,1.3666096938670171,0.11924677012239548,ok,
d360_apl_ord_ddf_mdl_ord_crt_dte_min,1,2331466.470018983,458,5,"(47, 70]",47.0,70.0,False,DEV,104562,50864,155426,0.3272554141520724,0.04317388888888889,0.9910271568203439,0.05756549137281975,ok,
d360_apl_ord_ddf_mdl_ord_crt_dte_min,1,2331466.470018983,458,6,"(70, 103]",70.0,103.0,False,DEV,116543,38618,155161,0.24888986278768505,0.04310027777777778,0.6071137437079954,0.019377508674843662,ok,
d360_apl_ord_ddf_mdl_ord_crt_dte_min,1,2331466.470018983,458,7,"(103, 149]",103.0,149.0,False,DEV,128095,27838,155933,0.17852539231593056,0.04331472222222222,0.18529077653628756,0.001584474271532749,ok,
d360_apl_ord_ddf_mdl_ord_crt_dte_min,1,2331466.470018983,458,8,"(149, 207]",149.0,207.0,False,DEV,135383,19009,154392,0.12312166433493964,0.04288666666666666,-0.2515257363802753,0.0024833843327281965,ok,
d360_apl_ord_ddf_mdl_ord_crt_dte_min,1,2331466.470018983,458,9,"(207, 278]",207.0,278.0,False,DEV,143811,12749,156560,0.08143203883495145,0.04348888888888889,-0.711364457811732,0.017077061160102575,ok,
d360_apl_ord_ddf_mdl_ord_crt_dte_min,1,2331466.470018983,458,10,"(278, inf]",278.0,inf,False,DEV,146011,9199,155210,0.059268088396366214,0.04311388888888889,-1.0528893496656535,0.03282358237178625,ok,
d360_apl_ord_ddf_mdl_ord_crt_dte_min,1,2331466.470018983,458,0,Missing,,,True,OOT,728988,6387,735375,0.008685364609892911,0.6128125,-2.8221056568227643,1.8499400199012355,ok,
d360_apl_ord_ddf_mdl_ord_crt_dte_min,1,2331466.470018983,458,1,"(-inf, 8]",-inf,8.0,False,OOT,11994,28900,40894,0.7067051401183547,0.034078333333333335,2.794620029116298,0.49214221053249224,ok,
d360_apl_ord_ddf_mdl_ord_crt_dte_min,1,2331466.470018983,458,2,"(8, 18]",8.0,18.0,False,OOT,15581,27151,42732,0.6353786389590939,0.03561,2.4705573248831256,0.39855658515737674,ok,
d360_apl_ord_ddf_mdl_ord_crt_dte_min,1,2331466.470018983,458,3,"(18, 31]",18.0,31.0,False,OOT,20238,25096,45334,0.5535800944103764,0.03777833333333333,2.1303510076800443,0.3057748513987163,ok,
d360_apl_ord_ddf_mdl_ord_crt_dte_min,1,2331466.470018983,458,4,"(31, 47]",31.0,47.0,False,OOT,29874,20272,50146,0.4042595620787301,0.04178833333333333,1.5274693586239794,0.15734595237317278,ok,
d360_apl_ord_ddf_mdl_ord_crt_dte_min,1,2331466.470018983,458,5,"(47, 70]",47.0,70.0,False,OOT,35122,15647,50769,0.3081998857570565,0.0423075,1.1066785535704,0.07522756406325491,ok,
d360_apl_ord_ddf_mdl_ord_crt_dte_min,1,2331466.470018983,458,6,"(70, 103]",70.0,103.0,False,OOT,39028,11562,50590,0.22854319035382487,0.04215833333333333,0.6986842988573008,0.026360582847256734,ok,
d360_apl_ord_ddf_mdl_ord_crt_dte_min,1,2331466.470018983,458,7,"(103, 149]",103.0,149.0,False,OOT,41876,7966,49842,0.15982504714899082,0.041535,0.2557297836465765,0.002983614504625446,ok,
d360_apl_ord_ddf_mdl_ord_crt_dte_min,1,2331466.470018983,458,8,"(149, 207]",149.0,207.0,False,OOT,38470,4822,43292,0.11138316548092027,0.03607666666666667,-0.16138990352527371,0.0008847128554704944,ok,
d360_apl_ord_ddf_mdl_ord_crt_dte_min,1,2331466.470018983,458,9,"(207, 278]",207.0,278.0,False,OOT,41250,3479,44729,0.07777951664468243,0.037274166666666664,-0.5575652841192321,0.009398398876973647,ok,
d360_apl_ord_ddf_mdl_ord_crt_dte_min,1,2331466.470018983,458,10,"(278, inf]",278.0,inf,False,OOT,43507,2790,46297,0.060263084001123186,0.038580833333333335,-0.831503201282491,0.01952851558884425,ok,
d360_apl_ord_ddf_mdl_ord_crt_dte_min,1,2331466.470018983,458,0,Missing,,,True,DEV-OOS,1917299,20719,1938018,0.010690819177118066,0.5383383333333334,-2.967163337483625,1.8138012924178801,ok,
d360_apl_ord_ddf_mdl_ord_crt_dte_min,1,2331466.470018983,458,1,"(-inf, 8]",-inf,8.0,False,DEV-OOS,49549,134981,184530,0.7314853953286728,0.051258333333333336,2.5625999033345384,0.5108500782182083,ok,
d360_apl_ord_ddf_mdl_ord_crt_dte_min,1,2331466.470018983,458,2,"(8, 18]",8.0,18.0,False,DEV-OOS,57207,117387,174594,0.672342692188735,0.04849833333333333,2.2792297606904968,0.384322976498589,ok,
d360_apl_ord_ddf_mdl_ord_crt_dte_min,1,2331466.470018983,458,3,"(18, 31]",18.0,31.0,False,DEV-OOS,70607,99667,170274,0.5853330514347463,0.04729833333333333,1.9051376159713787,0.2586402317897333,ok,
d360_apl_ord_ddf_mdl_ord_crt_dte_min,1,2331466.470018983,458,4,"(31, 47]",31.0,47.0,False,DEV-OOS,101864,76127,177991,0.42770140063261625,0.04944194444444444,1.2692004086800728,0.11116097042289672,ok,
d360_apl_ord_ddf_mdl_ord_crt_dte_min,1,2331466.470018983,458,5,"(47, 70]",47.0,70.0,False,DEV-OOS,114652,58051,172703,0.33613197222978175,0.047973055555555554,0.8798590742734852,0.04782839764156824,ok,
d360_apl_ord_ddf_mdl_ord_crt_dte_min,1,2331466.470018983,458,6,"(70, 103]",70.0,103.0,False,DEV-OOS,123418,43742,167160,0.2616774347930127,0.04643333333333333,0.5231734915706587,0.014918210918675037,ok,
d360_apl_ord_ddf_mdl_ord_crt_dte_min,1,2331466.470018983,458,7,"(103, 149]",103.0,149.0,False,DEV-OOS,129459,30838,160297,0.19238039389383457,0.044526944444444445,0.12583015969817887,0.0007341946172627256,ok,
d360_apl_ord_ddf_mdl_ord_crt_dte_min,1,2331466.470018983,458,8,"(149, 207]",149.0,207.0,False,DEV-OOS,132941,20262,153203,0.132255895772276,0.04255638888888889,-0.32070295354237166,0.003931732014252426,ok,
d360_apl_ord_ddf_mdl_ord_crt_dte_min,1,2331466.470018983,458,9,"(207, 278]",207.0,278.0,False,DEV-OOS,138415,13698,152113,0.09005147489037754,0.04225361111111111,-0.7525393521124109,0.01851521797792895,ok,
d360_apl_ord_ddf_mdl_ord_crt_dte_min,1,2331466.470018983,458,10,"(278, inf]",278.0,inf,False,DEV-OOS,139689,9428,149117,0.06322552089969621,0.04142138888888889,-1.1352507439626225,0.03617465988367629,ok,
d360_apl_ord_ddf_mdl_ord_crt_dte_min,1,2331466.470018983,458,0,Missing,,,True,OOT-OOS,687364,6341,693705,0.00914077309519176,0.5780875,-2.894352991042837,1.8272610471757458,ok,
d360_apl_ord_ddf_mdl_ord_crt_dte_min,1,2331466.470018983,458,1,"(-inf, 8]",-inf,8.0,False,OOT-OOS,12797,31291,44088,0.7097396116857194,0.03674,2.685493050459198,0.45662173246077764,ok,
d360_apl_ord_ddf_mdl_ord_crt_dte_min,1,2331466.470018983,458,2,"(8, 18]",8.0,18.0,False,OOT-OOS,16548,29781,46329,0.6428155151201191,0.0386075,2.378988326726839,0.374881607097409,ok,
d360_apl_ord_ddf_mdl_ord_crt_dte_min,1,2331466.470018983,458,3,"(18, 31]",18.0,31.0,False,OOT-OOS,22661,27812,50473,0.551027281913102,0.04206083333333333,1.9962145052159563,0.27977876693935677,ok,
d360_apl_ord_ddf_mdl_ord_crt_dte_min,1,2331466.470018983,458,4,"(31, 47]",31.0,47.0,False,OOT-OOS,35454,23992,59446,0.4035931770009757,0.04953833333333333,1.4008874918749135,0.14770999049908,ok,
d360_apl_ord_ddf_mdl_ord_crt_dte_min,1,2331466.470018983,458,5,"(47, 70]",47.0,70.0,False,OOT-OOS,41131,18504,59635,0.3102875827953383,0.049695833333333335,0.9926360890797143,0.06741753506078575,ok,
d360_apl_ord_ddf_mdl_ord_crt_dte_min,1,2331466.470018983,458,6,"(70, 103]",70.0,103.0,False,OOT-OOS,44924,13418,58342,0.2299886873950156,0.04861833333333333,0.5830474435153298,0.02015656128975144,ok,
d360_apl_ord_ddf_mdl_ord_crt_dte_min,1,2331466.470018983,458,7,"(103, 149]",103.0,149.0,False,OOT-OOS,46842,9110,55952,0.16281812982556476,0.046626666666666663,0.1540330786557513,0.0011682324401607392,ok,
d360_apl_ord_ddf_mdl_ord_crt_dte_min,1,2331466.470018983,458,8,"(149, 207]",149.0,207.0,False,OOT-OOS,40115,5132,45247,0.11342188432382258,0.037705833333333334,-0.26477352874402915,0.002402251314503806,ok,
d360_apl_ord_ddf_mdl_ord_crt_dte_min,1,2331466.470018983,458,9,"(207, 278]",207.0,278.0,False,OOT-OOS,39966,3377,43343,0.0779133885517846,0.03611916666666667,-0.6795094177241766,0.013020899797703017,ok,
d360_apl_ord_ddf_mdl_ord_crt_dte_min,1,2331466.470018983,458,10,"(278, inf]",278.0,inf,False,OOT-OOS,40720,2720,43440,0.06261510128913444,0.0362,-0.9145195695629416,0.02169840872921573,ok,
ord_apl_sum_prc_amt_90_day,2,2261862.901741028,59,0,"(-inf, 3000]",-inf,3000.0,False,DEV,2715838,166743,2882581,0.05784503540403548,0.8007169444444444,-1.0787464668353355,0.6340754447457904,ok,
ord_apl_sum_prc_amt_90_day,2,2261862.901741028,59,1,"(3000, 13500]",3000.0,13500.0,False,DEV,177660,181584,359244,0.5054614690850787,0.09979,1.733499538503739,0.4706827054016101,ok,
ord_apl_sum_prc_amt_90_day,2,2261862.901741028,59,2,"(13500, inf]",13500.0,inf,False,DEV,155885,202290,358175,0.5647797864172541,0.09949305555555556,1.9722358738153734,0.6237540078538417,ok,
ord_apl_sum_prc_amt_90_day,2,2261862.901741028,59,0,"(-inf, 3000]",-inf,3000.0,False,OOT,935964,45525,981489,0.04638360694821847,0.8179075,-1.1080734584248377,0.6641623273355909,ok,
ord_apl_sum_prc_amt_90_day,2,2261862.901741028,59,1,"(3000, 13500]",3000.0,13500.0,False,OOT,54345,44247,98592,0.4487889483933788,0.08216,1.7096685406848418,0.402157323343329,ok,
ord_apl_sum_prc_amt_90_day,2,2261862.901741028,59,2,"(13500, inf]",13500.0,inf,False,OOT,55619,64300,119919,0.536195265137301,0.0999325,2.060265029523112,0.7502649360405653,ok,
ord_apl_sum_prc_amt_90_day,2,2261862.901741028,59,0,"(-inf, 3000]",-inf,3000.0,False,DEV-OOS,2615131,185689,2800820,0.06629808413250406,0.7780055555555555,-1.084554340363919,0.6310542093487921,ok,
ord_apl_sum_prc_amt_90_day,2,2261862.901741028,59,1,"(3000, 13500]",3000.0,13500.0,False,DEV-OOS,192562,207758,400320,0.5189798161470823,0.1112,1.636394968831042,0.4381305394046848,ok,
ord_apl_sum_prc_amt_90_day,2,2261862.901741028,59,2,"(13500, inf]",13500.0,inf,False,DEV-OOS,167407,231453,398860,0.5802863160006018,0.11079444444444445,1.884387427228981,0.5919133461558234,ok,
ord_apl_sum_prc_amt_90_day,2,2261862.901741028,59,0,"(-inf, 3000]",-inf,3000.0,False,OOT-OOS,904225,50352,954577,0.05274797109086014,0.7954808333333333,-1.096614674115896,0.6420825956595156,ok,
ord_apl_sum_prc_amt_90_day,2,2261862.901741028,59,1,"(3000, 13500]",3000.0,13500.0,False,OOT-OOS,62502,51035,113537,0.44950104371262234,0.09461416666666667,1.5887307447704244,0.3762901058401119,ok,
ord_apl_sum_prc_amt_90_day,2,2261862.901741028,59,2,"(13500, inf]",13500.0,inf,False,OOT-OOS,61795,70091,131886,0.531451405001289,0.109905,1.9173868167678652,0.6685235535245687,ok,
ord_apl_max_prc_amt_180_day,3,1858213.4619431496,97,0,"(-inf, 1600]",-inf,1600.0,False,DEV,2436899,90572,2527471,0.035835030352474866,0.7020752777777778,-1.5806790685788856,1.0031818234888825,ok,
ord_apl_max_prc_amt_180_day,3,1858213.4619431496,97,1,"(1600, 5000]",1600.0,5000.0,False,DEV,216432,173752,390184,0.445307854755705,0.10838444444444445,1.492005262294462,0.3649186795037918,ok,
ord_apl_max_prc_amt_180_day,3,1858213.4619431496,97,2,"(5000, 12600]",5000.0,12600.0,False,DEV,182703,141065,323768,0.435697783598132,0.08993555555555556,1.4530118112342914,0.28519646674755456,ok,
ord_apl_max_prc_amt_180_day,3,1858213.4619431496,97,3,"(12600, inf]",12600.0,inf,False,DEV,213349,145228,358577,0.4050120336775644,0.09960472222222222,1.3270288080599446,0.25716519213416694,ok,
ord_apl_max_prc_amt_180_day,3,1858213.4619431496,97,0,"(-inf, 1600]",-inf,1600.0,False,OOT,849380,25108,874488,0.028711657564197565,0.72874,-1.606072111707552,1.042529822329098,ok,
ord_apl_max_prc_amt_180_day,3,1858213.4619431496,97,1,"(1600, 5000]",1600.0,5000.0,False,OOT,64931,44845,109776,0.4085137006267308,0.09148,1.5451190952650793,0.3538083619063864,ok,
ord_apl_max_prc_amt_180_day,3,1858213.4619431496,97,2,"(5000, 12600]",5000.0,12600.0,False,OOT,57680,39537,97217,0.4066881306767335,0.08101416666666666,1.5375591414744605,0.30976609462311316,ok,
ord_apl_max_prc_amt_180_day,3,1858213.4619431496,97,3,"(12600, inf]",12600.0,inf,False,OOT,73937,44582,118519,0.37615909685366905,0.09876583333333333,1.4093499779036913,0.3081783795830945,ok,
ord_apl_max_prc_amt_180_day,3,1858213.4619431496,97,0,"(-inf, 1600]",-inf,1600.0,False,DEV-OOS,2327046,100436,2427482,0.04137456014091968,0.6743005555555556,-1.5823906932412524,0.9833768313835689,ok,
ord_apl_max_prc_amt_180_day,3,1858213.4619431496,97,1,"(1600, 5000]",1600.0,5000.0,False,DEV-OOS,232579,199652,432231,0.4619104136445558,0.12006416666666667,1.4077850189437906,0.33972498266910084,ok,
ord_apl_max_prc_amt_180_day,3,1858213.4619431496,97,2,"(5000, 12600]",5000.0,12600.0,False,DEV-OOS,193216,162485,355701,0.45680220184930603,0.09880583333333333,1.3872162108251023,0.270608531567131,ok,
ord_apl_max_prc_amt_180_day,3,1858213.4619431496,97,3,"(12600, inf]",12600.0,inf,False,DEV-OOS,222259,162327,384586,0.42208244709895837,0.10682944444444445,1.2462090470041196,0.23062122405567273,ok,
ord_apl_max_prc_amt_180_day,3,1858213.4619431496,97,0,"(-inf, 1600]",-inf,1600.0,False,OOT-OOS,805932,26266,832198,0.031562200341745596,0.6934983333333333,-1.632292227058674,1.0290073368724486,ok,
ord_apl_max_prc_amt_180_day,3,1858213.4619431496,97,1,"(1600, 5000]",1600.0,5000.0,False,OOT-OOS,75333,51954,127287,0.40816422729736734,0.1060725,1.4198568145991601,0.3261876012625357,ok,
ord_apl_max_prc_amt_180_day,3,1858213.4619431496,97,2,"(5000, 12600]",5000.0,12600.0,False,OOT-OOS,64947,44743,109690,0.40790409335399763,0.09140833333333333,1.4187803335902374,0.28060517952861996,ok,
ord_apl_max_prc_amt_180_day,3,1858213.4619431496,97,3,"(12600, inf]",12600.0,inf,False,OOT-OOS,82310,48515,130825,0.37083890693674754,0.10902083333333333,1.2627980549977094,0.2562146780353014,ok,
unpaid_principal_future_light_add_heavy,4,1851464.8080728054,185,0,"(-inf, 789.52]",-inf,789.52001953125,False,DEV,2450889,69113,2520002,0.027425771884308028,0.7000005555555555,-1.8568041081480517,1.2593082194747078,ok,
unpaid_principal_future_light_add_heavy,4,1851464.8080728054,185,1,"(789.52, 5014.68]",789.52001953125,5014.684179687503,False,DEV,242237,117761,359998,0.3271157061983678,0.09999944444444445,0.9903948528212735,0.1331417185250932,ok,
unpaid_principal_future_light_add_heavy,4,1851464.8080728054,185,2,"(5014.68, 15710.7]",5014.684179687503,15710.718945312508,False,DEV,193011,166989,360000,0.4638583333333333,0.1,1.5668332735690818,0.37600978903159726,ok,
unpaid_principal_future_light_add_heavy,4,1851464.8080728054,185,3,"(15710.7, inf]",15710.718945312508,inf,False,DEV,163246,196754,360000,0.5465388888888889,0.1,1.8983475402862129,0.5767161886792226,ok,
unpaid_principal_future_light_add_heavy,4,1851464.8080728054,185,0,"(-inf, 789.52]",-inf,789.52001953125,False,OOT,875177,26240,901417,0.029109723912462266,0.7511808333333333,-1.5918939898575828,1.060893469248872,ok,
unpaid_principal_future_light_add_heavy,4,1851464.8080728054,185,1,"(789.52, 5014.68]",789.52001953125,5014.684179687503,False,OOT,69744,39233,108977,0.36001174559769494,0.09081416666666667,1.339921123429409,0.2518499966313252,ok,
unpaid_principal_future_light_add_heavy,4,1851464.8080728054,185,2,"(5014.68, 15710.7]",5014.684179687503,15710.718945312508,False,OOT,55208,43552,98760,0.4409882543539895,0.0823,1.6780788942941984,0.38577101762146143,ok,
unpaid_principal_future_light_add_heavy,4,1851464.8080728054,185,3,"(15710.7, inf]",15710.718945312508,inf,False,OOT,45799,45047,90846,0.49586112762257006,0.075705,1.8986730288866174,0.4719862644093446,ok,
unpaid_principal_future_light_add_heavy,4,1851464.8080728054,185,0,"(-inf, 789.52]",-inf,789.52001953125,False,DEV-OOS,2340867,77689,2418556,0.032122059609122136,0.6718211111111111,-1.845117987374216,1.2223842973421648,ok,
unpaid_principal_future_light_add_heavy,4,1851464.8080728054,185,1,"(789.52, 5014.68]",789.52001953125,5014.684179687503,False,DEV-OOS,259913,137271,397184,0.34561059861424426,0.11032888888888889,0.9220505988840888,0.12199278690695604,ok,
unpaid_principal_future_light_add_heavy,4,1851464.8080728054,185,2,"(5014.68, 15710.7]",5014.684179687503,15710.718945312508,False,DEV-OOS,203339,190246,393585,0.48336699823418067,0.10932916666666667,1.4938823694823746,0.35269825974193286,ok,
unpaid_principal_future_light_add_heavy,4,1851464.8080728054,185,3,"(15710.7, inf]",15710.718945312508,inf,False,DEV-OOS,170981,219694,390675,0.5623446598835349,0.10852083333333333,1.8111213470885164,0.5326426796401869,ok,
unpaid_principal_future_light_add_heavy,4,1851464.8080728054,185,0,"(-inf, 789.52]",-inf,789.52001953125,False,OOT-OOS,838209,29275,867484,0.033747020117950305,0.7229033333333333,-1.5631036784352654,1.007015396257363,ok,
unpaid_principal_future_light_add_heavy,4,1851464.8080728054,185,1,"(789.52, 5014.68]",789.52001953125,5014.684179687503,False,OOT-OOS,79952,46394,126346,0.3671980118088424,0.10528833333333333,1.247161611433934,0.24047550146255667,ok,
unpaid_principal_future_light_add_heavy,4,1851464.8080728054,185,2,"(5014.68, 15710.7]",5014.684179687503,15710.718945312508,False,OOT-OOS,60764,48066,108830,0.44166130662501146,0.09069166666666667,1.5569931339471994,0.34444503391909176,ok,
unpaid_principal_future_light_add_heavy,4,1851464.8080728054,185,3,"(15710.7, inf]",15710.718945312508,inf,False,OOT-OOS,49597,47743,97340,0.490476679679474,0.08111666666666667,1.7533159048163574,0.40361018056596915,ok,
his_90_day_csh_apl_ord_cnt_his_rto,5,1488565.2666397095,64,0,Missing,,,True,DEV,6212,46,6258,0.007350591243208693,0.0017383333333333333,-3.1832142478091123,0.006216326050669764,ok,
his_90_day_csh_apl_ord_cnt_his_rto,5,1488565.2666397095,64,1,"(-inf, 0.0833333]",-inf,0.0833333358168602,False,DEV,2695201,190168,2885369,0.06590768806346779,0.8014913888888889,-0.939665617381064,0.5059898577689833,ok,
his_90_day_csh_apl_ord_cnt_his_rto,5,1488565.2666397095,64,2,"(0.0833333, 0.333333]",0.0833333358168602,0.3333333432674408,False,DEV,168480,219056,387536,0.5652532925973329,0.10764888888888889,1.9741617813200576,0.6763204827977466,ok,
his_90_day_csh_apl_ord_cnt_his_rto,5,1488565.2666397095,64,3,"(0.333333, inf]",0.3333333432674408,inf,False,DEV,179490,141347,320837,0.4405570429844438,0.08912138888888889,1.4727512256554074,0.29137695224931986,ok,
his_90_day_csh_apl_ord_cnt_his_rto,5,1488565.2666397095,64,0,Missing,,,True,OOT,2087,10,2097,0.004768717215069146,0.0017475,-3.3771184852637672,0.0065100118322128035,ok,
his_90_day_csh_apl_ord_cnt_his_rto,5,1488565.2666397095,64,1,"(-inf, 0.0833333]",-inf,0.0833333358168602,False,OOT,935680,53303,988983,0.05389678083445317,0.8241525,-0.9500433626969664,0.5212237261826647,ok,
his_90_day_csh_apl_ord_cnt_his_rto,5,1488565.2666397095,64,2,"(0.0833333, 0.333333]",0.0833333358168602,0.3333333432674408,False,OOT,60092,63663,123755,0.5144276998909135,0.10312916666666666,1.9729550724787244,0.7018731360815857,ok,
his_90_day_csh_apl_ord_cnt_his_rto,5,1488565.2666397095,64,3,"(0.333333, inf]",0.3333333432674408,inf,False,OOT,48069,37096,85165,0.43557799565549227,0.07097083333333333,1.6561034594842938,0.32262890677776024,ok,
his_90_day_csh_apl_ord_cnt_his_rto,5,1488565.2666397095,64,0,Missing,,,True,DEV-OOS,5876,51,5927,0.008604690399865025,0.0016463888888888889,-3.1766960522389405,0.006012893088107437,ok,
his_90_day_csh_apl_ord_cnt_his_rto,5,1488565.2666397095,64,1,"(-inf, 0.0833333]",-inf,0.0833333358168602,False,DEV-OOS,2587347,210542,2797889,0.07525030478335631,0.7771913888888888,-0.9482621999935583,0.5051828867163282,ok,
his_90_day_csh_apl_ord_cnt_his_rto,5,1488565.2666397095,64,2,"(0.0833333, 0.333333]",0.0833333358168602,0.3333333432674408,False,DEV-OOS,176613,248197,424810,0.5842541371436643,0.11800277777777778,1.9006998366726167,0.6420838329394926,ok,
his_90_day_csh_apl_ord_cnt_his_rto,5,1488565.2666397095,64,3,"(0.333333, inf]",0.3333333432674408,inf,False,DEV-OOS,205264,166110,371374,0.4472849472499421,0.10315944444444444,1.3487926038248519,0.26547526160536833,ok,
his_90_day_csh_apl_ord_cnt_his_rto,5,1488565.2666397095,64,0,Missing,,,True,OOT-OOS,1933,6,1939,0.0030943785456420837,0.0016158333333333333,-3.9038715321009643,0.007190826171796206,ok,
his_90_day_csh_apl_ord_cnt_his_rto,5,1488565.2666397095,64,1,"(-inf, 0.0833333]",-inf,0.0833333358168602,False,OOT-OOS,900464,57332,957796,0.059858257917134755,0.7981633333333333,-0.9626296860951045,0.5209296398500978,ok,
his_90_day_csh_apl_ord_cnt_his_rto,5,1488565.2666397095,64,2,"(0.0833333, 0.333333]",0.0833333358168602,0.3333333432674408,False,OOT-OOS,63017,67459,130476,0.5170222876237776,0.10873,1.8595283542550411,0.6175975136749112,ok,
his_90_day_csh_apl_ord_cnt_his_rto,5,1488565.2666397095,64,3,"(0.333333, inf]",0.3333333432674408,inf,False,OOT-OOS,63108,46681,109789,0.42518831576933935,0.09149083333333333,1.489905875333369,0.3141746140793515,ok,
d180_apl_ord_days_cnt_all,6,913489.8355054855,109,0,Missing,,,True,DEV,1980153,17721,1997874,0.008869928734244501,0.554965,-3.0045011765272363,1.8543080436074366,ok,
d180_apl_ord_days_cnt_all,6,913489.8355054855,109,1,"(-inf, 1]",-inf,1.0,False,DEV,696154,102916,799070,0.1287947238664948,0.22196388888888888,-0.200003760917186,0.008276807059631491,ok,
d180_apl_ord_days_cnt_all,6,913489.8355054855,109,2,"(1, 2]",1.0,2.0,False,DEV,135498,66137,201635,0.3280035708086394,0.056009722222222225,0.9944252157842295,0.07525791475761402,ok,
d180_apl_ord_days_cnt_all,6,913489.8355054855,109,3,"(2, 3]",2.0,3.0,False,DEV,75970,57468,133438,0.43067192254080544,0.03706611111111111,1.4325417422677524,0.11382555670654655,ok,
d180_apl_ord_days_cnt_all,6,913489.8355054855,109,4,"(3, 5]",3.0,5.0,False,DEV,75836,91132,166968,0.5458051842269177,0.04638,1.8953846620776966,0.2665655758030653,ok,
d180_apl_ord_days_cnt_all,6,913489.8355054855,109,5,"(5, 9]",5.0,9.0,False,DEV,50421,105209,155630,0.6760200475486732,0.04323055555555556,2.447185806694286,0.4271305087646772,ok,
d180_apl_ord_days_cnt_all,6,913489.8355054855,109,6,"(9, inf]",9.0,inf,False,DEV,35351,110034,145385,0.7568456168105375,0.040384722222222225,2.8471030064271643,0.5359508750458659,ok,
d180_apl_ord_days_cnt_all,6,913489.8355054855,109,0,Missing,,,True,OOT,716257,5961,722218,0.00825374056032943,0.6018483333333333,-2.8734971990213505,1.856599242193271,ok,
d180_apl_ord_days_cnt_all,6,913489.8355054855,109,1,"(-inf, 1]",-inf,1.0,False,OOT,202370,27525,229895,0.11972857173927227,0.19157916666666666,-0.07976691516152022,0.0011832690960682062,ok,
d180_apl_ord_days_cnt_all,6,913489.8355054855,109,2,"(1, 2]",1.0,2.0,False,OOT,42083,17092,59175,0.28883819180397124,0.0493125,1.0142044438231703,0.07170470635214078,ok,
d180_apl_ord_days_cnt_all,6,913489.8355054855,109,3,"(2, 3]",2.0,3.0,False,OOT,24839,15106,39945,0.3781699837276255,0.0332875,1.417910399628873,0.10534705700392298,ok,
d180_apl_ord_days_cnt_all,6,913489.8355054855,109,4,"(3, 5]",3.0,5.0,False,OOT,26480,24079,50559,0.47625546391344764,0.0421325,1.8201726559325888,0.2383809985247826,ok,
d180_apl_ord_days_cnt_all,6,913489.8355054855,109,5,"(5, 9]",5.0,9.0,False,OOT,19832,28941,48773,0.5933815840731552,0.04064416666666667,2.293174957934292,0.3872671700472087,ok,
d180_apl_ord_days_cnt_all,6,913489.8355054855,109,6,"(9, inf]",9.0,inf,False,OOT,14067,35368,49435,0.715444523111156,0.041195833333333334,2.837174834064693,0.6131228733627683,ok,
d180_apl_ord_days_cnt_all,6,913489.8355054855,109,0,Missing,,,True,DEV-OOS,1879540,19228,1898768,0.01012656627876602,0.5274355555555555,-3.021952188142981,1.8161509264224118,ok,
d180_apl_ord_days_cnt_all,6,913489.8355054855,109,1,"(-inf, 1]",-inf,1.0,False,DEV-OOS,699450,114115,813565,0.14026537523123536,0.22599027777777778,-0.2526470639033427,0.013260999009473116,ok,
d180_apl_ord_days_cnt_all,6,913489.8355054855,109,2,"(1, 2]",1.0,2.0,False,DEV-OOS,141712,75082,216794,0.34632877293652037,0.060220555555555555,0.9252240211109413,0.06709516851719709,ok,
d180_apl_ord_days_cnt_all,6,913489.8355054855,109,3,"(2, 3]",2.0,3.0,False,DEV-OOS,79546,65263,144809,0.45068331388242444,0.040224722222222224,1.362528034499414,0.10586888615618656,ok,
d180_apl_ord_days_cnt_all,6,913489.8355054855,109,4,"(3, 5]",3.0,5.0,False,DEV-OOS,82420,103549,185969,0.5568078550726197,0.051658055555555554,1.7886524363387715,0.24683650253401013,ok,
d180_apl_ord_days_cnt_all,6,913489.8355054855,109,5,"(5, 9]",5.0,9.0,False,DEV-OOS,54560,119665,174225,0.686841727651026,0.04839583333333333,2.345827042227981,0.40619248113745354,ok,
d180_apl_ord_days_cnt_all,6,913489.8355054855,109,6,"(9, inf]",9.0,inf,False,DEV-OOS,37872,127998,165870,0.7716766142159522,0.046075,2.7782301595256578,0.5336963922713991,ok,
d180_apl_ord_days_cnt_all,6,913489.8355054855,109,0,Missing,,,True,OOT-OOS,675083,5890,680973,0.008649388448587536,0.5674775,-2.9500893901147394,1.8349846432076284,ok,
d180_apl_ord_days_cnt_all,6,913489.8355054855,109,1,"(-inf, 1]",-inf,1.0,False,OOT-OOS,213499,31522,245021,0.12865019733002478,0.20418416666666667,-0.12152680107353261,0.0028867151960269197,ok,
d180_apl_ord_days_cnt_all,6,913489.8355054855,109,2,"(1, 2]",1.0,2.0,False,OOT-OOS,46583,19701,66284,0.2972210488202281,0.05523666666666667,0.9308544869058127,0.06478599047492205,ok,
d180_apl_ord_days_cnt_all,6,913489.8355054855,109,3,"(2, 3]",2.0,3.0,False,OOT-OOS,27664,17042,44706,0.3812016284167673,0.037255,1.3069663345527551,0.09473761890207383,ok,
d180_apl_ord_days_cnt_all,6,913489.8355054855,109,4,"(3, 5]",3.0,5.0,False,OOT-OOS,28924,26915,55839,0.48201078099536165,0.0465325,1.7194194551031947,0.22152368364873004,ok,
d180_apl_ord_days_cnt_all,6,913489.8355054855,109,5,"(5, 9]",5.0,9.0,False,OOT-OOS,21456,31971,53427,0.598405300690662,0.0445225,2.1902233642917763,0.36266032720203495,ok,
d180_apl_ord_days_cnt_all,6,913489.8355054855,109,6,"(9, inf]",9.0,inf,False,OOT-OOS,15313,38437,53750,0.715106976744186,0.04479166666666667,2.711704866378479,0.567453404970662,ok,
his_360_day_csh_apl_ord_cnt,7,804807.1311721802,152,0,"(-inf, 1]",-inf,1.0,False,DEV,2443433,70575,2514008,0.028072703030380175,0.6983355555555556,-1.832825076601915,1.2336973920317444,ok,
his_360_day_csh_apl_ord_cnt,7,804807.1311721802,152,1,"(1, 2]",1.0,2.0,False,DEV,173430,46011,219441,0.2096736708272383,0.060955833333333334,0.3847657883798398,0.01026910359228631,ok,
his_360_day_csh_apl_ord_cnt,7,804807.1311721802,152,2,"(2, 3]",2.0,3.0,False,DEV,105565,41653,147218,0.2829341520737953,0.04089388888888889,0.7817051512499502,0.032073217412515294,ok,
his_360_day_csh_apl_ord_cnt,7,804807.1311721802,152,3,"(3, 8]",3.0,8.0,False,DEV,218419,154313,372732,0.4140052370067502,0.10353666666666667,1.3642200877429465,0.2846130756744099,ok,
his_360_day_csh_apl_ord_cnt,7,804807.1311721802,152,4,"(8, inf]",8.0,inf,False,DEV,108536,238065,346601,0.6868560679282518,0.09627805555555556,2.4971106898547744,0.9907697710480874,ok,
his_360_day_csh_apl_ord_cnt,7,804807.1311721802,152,0,"(-inf, 1]",-inf,1.0,False,OOT,850746,19839,870585,0.022788125226141043,0.7254875,-1.8432133522767384,1.2619036536456298,ok,
his_360_day_csh_apl_ord_cnt,7,804807.1311721802,152,1,"(1, 2]",1.0,2.0,False,OOT,53600,12680,66280,0.19130959565479783,0.055233333333333336,0.4737329311693645,0.014711483289775396,ok,
his_360_day_csh_apl_ord_cnt,7,804807.1311721802,152,2,"(2, 3]",2.0,3.0,False,OOT,32798,11784,44582,0.2643219236463147,0.037151666666666666,0.8916282731897638,0.04023697626408457,ok,
his_360_day_csh_apl_ord_cnt,7,804807.1311721802,152,3,"(3, 8]",3.0,8.0,False,OOT,68651,41782,110433,0.37834705205871433,0.0920275,1.4186605567945993,0.2916013862916605,ok,
his_360_day_csh_apl_ord_cnt,7,804807.1311721802,152,4,"(8, inf]",8.0,inf,False,OOT,40133,67987,108120,0.6288105808361081,0.0901,2.4423384148796834,0.984000337432337,ok,
his_360_day_csh_apl_ord_cnt,7,804807.1311721802,152,0,"(-inf, 1]",-inf,1.0,False,DEV-OOS,2351911,79850,2431761,0.032836286131737454,0.6754891666666667,-1.8223894107767933,1.2077895238204779,ok,
his_360_day_csh_apl_ord_cnt,7,804807.1311721802,152,1,"(1, 2]",1.0,2.0,False,DEV-OOS,175622,52085,227707,0.22873692947515886,0.06325194444444444,0.34498792757248564,0.008389783245663173,ok,
his_360_day_csh_apl_ord_cnt,7,804807.1311721802,152,2,"(2, 3]",2.0,3.0,False,DEV-OOS,107108,46847,153955,0.3042902146731188,0.04276527777777778,0.7334934396844458,0.028581362736821766,ok,
his_360_day_csh_apl_ord_cnt,7,804807.1311721802,152,3,"(3, 8]",3.0,8.0,False,DEV-OOS,225012,172910,397922,0.43453239579616104,0.11053388888888889,1.2970562969740345,0.2607966675560158,ok,
his_360_day_csh_apl_ord_cnt,7,804807.1311721802,152,4,"(8, inf]",8.0,inf,False,DEV-OOS,115447,273208,388655,0.7029576359496211,0.10795972222222222,2.4218574923809513,0.9648613844534849,ok,
his_360_day_csh_apl_ord_cnt,7,804807.1311721802,152,0,"(-inf, 1]",-inf,1.0,False,OOT-OOS,821906,23516,845422,0.027815694410602044,0.7045183333333334,-1.7625133668039588,1.1667383432834715,ok,
his_360_day_csh_apl_ord_cnt,7,804807.1311721802,152,1,"(1, 2]",1.0,2.0,False,OOT-OOS,56896,15141,72037,0.21018365562141678,0.06003083333333333,0.4676164629725923,0.01542203955840962,ok,
his_360_day_csh_apl_ord_cnt,7,804807.1311721802,152,2,"(2, 3]",2.0,3.0,False,OOT-OOS,34584,13216,47800,0.27648535564853555,0.03983333333333333,0.829471416569837,0.03603850062254908,ok,
his_360_day_csh_apl_ord_cnt,7,804807.1311721802,152,3,"(3, 8]",3.0,8.0,False,OOT-OOS,72326,45811,118137,0.3877785960368047,0.0984475,1.334755533331786,0.26272284943074475,ok,
his_360_day_csh_apl_ord_cnt,7,804807.1311721802,152,4,"(8, inf]",8.0,inf,False,OOT-OOS,42810,73794,116604,0.6328599361942987,0.09717,2.335911775871733,0.9080024083290725,ok,
cnt_event_result_1_uid_recent_days_120,8,731484.2710869312,151,0,"(-inf, 4]",-inf,4.0,False,DEV,2568849,101276,2670125,0.03792931042554187,0.7417013888888889,-1.5217069021482896,1.0020189144817664,ok,
cnt_event_result_1_uid_recent_days_120,8,731484.2710869312,151,1,"(4, 8]",4.0,8.0,False,DEV,193983,80314,274297,0.2927994108575741,0.07619361111111111,0.829829183605819,0.06825197967568661,ok,
cnt_event_result_1_uid_recent_days_120,8,731484.2710869312,151,2,"(8, 18]",8.0,18.0,False,DEV,165749,130199,295948,0.4399387730276941,0.08220777777777778,1.47024238705361,0.2677387544016591,ok,
cnt_event_result_1_uid_recent_days_120,8,731484.2710869312,151,3,"(18, inf]",18.0,inf,False,DEV,120802,238828,359630,0.6640936518088035,0.09989722222222222,2.3932408504825147,0.9432482808087879,ok,
cnt_event_result_1_uid_recent_days_120,8,731484.2710869312,151,0,"(-inf, 4]",-inf,4.0,False,OOT,905834,35826,941660,0.03804557908374573,0.7847166666666666,-1.314940060937066,0.8330521985381472,ok,
cnt_event_result_1_uid_recent_days_120,8,731484.2710869312,151,1,"(4, 8]",4.0,8.0,False,OOT,57297,23575,80872,0.2915100405579187,0.06739333333333333,1.0271797587486973,0.10090268766001935,ok,
cnt_event_result_1_uid_recent_days_120,8,731484.2710869312,151,2,"(8, 18]",8.0,18.0,False,OOT,47740,36488,84228,0.4332051099396875,0.07019,1.6464457624951465,0.3147682334396814,ok,
cnt_event_result_1_uid_recent_days_120,8,731484.2710869312,151,3,"(18, inf]",18.0,inf,False,OOT,35057,58183,93240,0.624013299013299,0.0777,2.421840953066666,0.8333929072313699,ok,
cnt_event_result_1_uid_recent_days_120,8,731484.2710869312,151,0,"(-inf, 4]",-inf,4.0,False,DEV-OOS,2473579,117245,2590824,0.04525394237508993,0.7196733333333334,-1.4887127781193539,0.958440088321704,ok,
cnt_event_result_1_uid_recent_days_120,8,731484.2710869312,151,1,"(4, 8]",4.0,8.0,False,DEV-OOS,203327,92925,296252,0.31366876848088787,0.08229222222222222,0.7774188829533312,0.062474222480102905,ok,
cnt_event_result_1_uid_recent_days_120,8,731484.2710869312,151,2,"(8, 18]",8.0,18.0,False,DEV-OOS,172149,147315,319464,0.46113177071594924,0.08874,1.404652025687349,0.24985721280993495,ok,
cnt_event_result_1_uid_recent_days_120,8,731484.2710869312,151,3,"(18, inf]",18.0,inf,False,DEV-OOS,126045,267415,393460,0.6796497738016571,0.10929444444444444,2.3125994413691315,0.8916576741929462,ok,
cnt_event_result_1_uid_recent_days_120,8,731484.2710869312,151,0,"(-inf, 4]",-inf,4.0,False,OOT-OOS,876474,41981,918455,0.04570828184287744,0.7653791666666667,-1.2472651638550687,0.7575248044158048,ok,
cnt_event_result_1_uid_recent_days_120,8,731484.2710869312,151,1,"(4, 8]",4.0,8.0,False,OOT-OOS,65617,28514,94131,0.3029182734699514,0.0784425,0.9579837032022764,0.09818084175572199,ok,
cnt_event_result_1_uid_recent_days_120,8,731484.2710869312,151,2,"(8, 18]",8.0,18.0,False,OOT-OOS,50431,39948,90379,0.4420053330972903,0.07531583333333333,1.5583885467723437,0.28663462638341614,ok,
cnt_event_result_1_uid_recent_days_120,8,731484.2710869312,151,3,"(18, inf]",18.0,inf,False,OOT-OOS,36000,61035,97035,0.6289998454166023,0.0808625,2.3193362369054267,0.7443481421211469,ok,
his_180_day_csh_apl_ord_cnt_his_rto,9,491328.3720564842,155,0,Missing,,,True,DEV,6212,46,6258,0.007350591243208693,0.0017383333333333333,-3.1832149919101442,0.006216326684540741,ok,
his_180_day_csh_apl_ord_cnt_his_rto,9,491328.3720564842,155,1,"(-inf, 0.0769231]",-inf,0.07692307978868484,False,DEV,2434868,82523,2517391,0.03278116113071033,0.6992752777777778,-1.6729135627863536,1.0850592649415296,ok,
his_180_day_csh_apl_ord_cnt_his_rto,9,491328.3720564842,155,2,"(0.0769231, 0.287356]",0.07692307978868484,0.28735631704330444,False,DEV,190858,166751,357609,0.46629419281953194,0.09933583333333333,1.576623730364513,0.37879057720438153,ok,
his_180_day_csh_apl_ord_cnt_his_rto,9,491328.3720564842,155,3,"(0.287356, 0.692308]",0.28735631704330444,0.692307710647583,False,DEV,184174,176024,360198,0.4886867778277503,0.100055,1.6663908780410746,0.4320738481533048,ok,
his_180_day_csh_apl_ord_cnt_his_rto,9,491328.3720564842,155,4,"(0.692308, inf]",0.692307710647583,inf,False,DEV,233271,125273,358544,0.34939365879780443,0.09959555555555556,1.08994770176099,0.1645993953608113,ok,
his_180_day_csh_apl_ord_cnt_his_rto,9,491328.3720564842,155,0,Missing,,,True,OOT,2087,10,2097,0.004768717215069146,0.0017475,-3.37712125240902,0.0065100146911711764,ok,
his_180_day_csh_apl_ord_cnt_his_rto,9,491328.3720564842,155,1,"(-inf, 0.0769231]",-inf,0.07692307978868484,False,OOT,851105,23146,874251,0.026475234229071515,0.7285425,-1.6894665643376459,1.120963061047649,ok,
his_180_day_csh_apl_ord_cnt_his_rto,9,491328.3720564842,155,2,"(0.0769231, 0.287356]",0.07692307978868484,0.28735631704330444,False,OOT,62812,44304,107116,0.4136076776578662,0.08926333333333333,1.5661581009267354,0.3562982567146967,ok,
his_180_day_csh_apl_ord_cnt_his_rto,9,491328.3720564842,155,3,"(0.287356, 0.692308]",0.28735631704330444,0.692307710647583,False,OOT,69198,53868,123066,0.43771634732582515,0.102555,1.6647926525575862,0.47191305885087004,ok,
his_180_day_csh_apl_ord_cnt_his_rto,9,491328.3720564842,155,4,"(0.692308, inf]",0.692307710647583,inf,False,OOT,60726,32744,93470,0.35031560928640204,0.07789166666666666,1.2975807800927353,0.2004295519887097,ok,
his_180_day_csh_apl_ord_cnt_his_rto,9,491328.3720564842,155,0,Missing,,,True,DEV-OOS,5876,51,5927,0.008604690399865025,0.0016463888888888889,-3.1766966843026294,0.006012893439425189,ok,
his_180_day_csh_apl_ord_cnt_his_rto,9,491328.3720564842,155,1,"(-inf, 0.0769231]",-inf,0.07692307978868484,False,DEV-OOS,2321004,89291,2410295,0.037045672832578584,0.6695263888888889,-1.697410912909784,1.08168191142971,ok,
his_180_day_csh_apl_ord_cnt_his_rto,9,491328.3720564842,155,2,"(0.0769231, 0.287356]",0.07692307978868484,0.28735631704330444,False,DEV-OOS,194829,188581,383410,0.4918520643697348,0.10650277777777778,1.52784359067577,0.3610154240185106,ok,
his_180_day_csh_apl_ord_cnt_his_rto,9,491328.3720564842,155,3,"(0.287356, 0.692308]",0.28735631704330444,0.692307710647583,False,DEV-OOS,191655,198348,390003,0.5085807032253598,0.10833416666666666,1.5947642285801726,0.40345512536401207,ok,
his_180_day_csh_apl_ord_cnt_his_rto,9,491328.3720564842,155,4,"(0.692308, inf]",0.692307710647583,inf,False,DEV-OOS,261736,148629,410365,0.3621873210434613,0.11399027777777777,0.994556493208004,0.14905286816822816,ok,
his_180_day_csh_apl_ord_cnt_his_rto,9,491328.3720564842,155,0,Missing,,,True,OOT-OOS,1933,6,1939,0.0030943785456420837,0.0016158333333333333,-3.903873961755233,0.007190827510985274,ok,
his_180_day_csh_apl_ord_cnt_his_rto,9,491328.3720564842,155,1,"(-inf, 0.0769231]",-inf,0.07692307978868484,False,OOT-OOS,806538,23316,829854,0.028096508542466505,0.691545,-1.7521793967161245,1.1357604106046322,ok,
his_180_day_csh_apl_ord_cnt_his_rto,9,491328.3720564842,155,2,"(0.0769231, 0.287356]",0.07692307978868484,0.28735631704330444,False,OOT-OOS,64835,47207,112042,0.42133307152674887,0.09336833333333333,1.4741104578089983,0.31288923497974463,ok,
his_180_day_csh_apl_ord_cnt_his_rto,9,491328.3720564842,155,3,"(0.287356, 0.692308]",0.28735631704330444,0.692307710647583,False,OOT-OOS,72384,57442,129826,0.442453745782817,0.10818833333333333,1.56020323178656,0.41283406357627783,ok,
his_180_day_csh_apl_ord_cnt_his_rto,9,491328.3720564842,155,4,"(0.692308, inf]",0.692307710647583,inf,False,OOT-OOS,82832,43507,126339,0.3443671392048378,0.1052825,1.147523812960924,0.198730036680938,ok,
d360_apl_ord_cnt_all,10,300729.80151724815,83,0,Missing,,,True,DEV,1980153,17721,1997874,0.008869928734244501,0.554965,-3.004501920625875,1.8543082707549756,ok,
d360_apl_ord_cnt_all,10,300729.80151724815,83,1,"(-inf, 2]",-inf,2.0,False,DEV,595790,92946,688736,0.13495156344375783,0.19131555555555554,-0.1462159027955098,0.0038860346483262816,ok,
d360_apl_ord_cnt_all,10,300729.80151724815,83,2,"(2, 3]",2.0,3.0,False,DEV,108059,40621,148680,0.273210922787194,0.0413,0.73326461534924,0.0281115386373931,ok,
d360_apl_ord_cnt_all,10,300729.80151724815,83,3,"(3, 5]",3.0,5.0,False,DEV,128471,69687,198158,0.3516739167734838,0.05504388888888889,1.0999630054045666,0.09287138908159145,ok,
d360_apl_ord_cnt_all,10,300729.80151724815,83,4,"(5, 7]",5.0,7.0,False,DEV,72855,57628,130483,0.441651402864741,0.03624527777777778,1.4771883432133828,0.11931112598694386,ok,
d360_apl_ord_cnt_all,10,300729.80151724815,83,5,"(7, 10]",7.0,10.0,False,DEV,60919,67353,128272,0.5250795185231383,0.03563111111111111,1.8120506819360043,0.18545464198195688,ok,
d360_apl_ord_cnt_all,10,300729.80151724815,83,6,"(10, 17]",10.0,17.0,False,DEV,54409,94615,149024,0.6348977345930856,0.041395555555555553,2.2649316730511155,0.3487799969560474,ok,
d360_apl_ord_cnt_all,10,300729.80151724815,83,7,"(17, inf]",17.0,inf,False,DEV,48727,110046,158773,0.6931027315727485,0.044103611111111114,2.526308584903605,0.4645362217253639,ok,
d360_apl_ord_cnt_all,10,300729.80151724815,83,0,Missing,,,True,OOT,716257,5961,722218,0.00825374056032943,0.6018483333333333,-2.8734999661356952,1.8566004501748479,ok,
d360_apl_ord_cnt_all,10,300729.80151724815,83,1,"(-inf, 2]",-inf,2.0,False,OOT,175425,24791,200216,0.12382127302513285,0.16684666666666667,-0.041495953090601397,0.00028289233977381675,ok,
d360_apl_ord_cnt_all,10,300729.80151724815,83,2,"(2, 3]",2.0,3.0,False,OOT,33750,11491,45241,0.25399526977741427,0.037700833333333336,0.8378300453978031,0.0354527552258286,ok,
d360_apl_ord_cnt_all,10,300729.80151724815,83,3,"(3, 5]",3.0,5.0,False,OOT,40512,19311,59823,0.32280226668672585,0.0498525,1.1743078506929665,0.10169987241732989,ok,
d360_apl_ord_cnt_all,10,300729.80151724815,83,4,"(5, 7]",5.0,7.0,False,OOT,23287,15312,38599,0.39669421487603307,0.03216583333333333,1.495970398155809,0.11536615599060454,ok,
d360_apl_ord_cnt_all,10,300729.80151724815,83,5,"(7, 10]",7.0,10.0,False,OOT,20049,18686,38735,0.48240609268103785,0.032279166666666664,1.8448147680062181,0.1883777770708003,ok,
d360_apl_ord_cnt_all,10,300729.80151724815,83,6,"(10, 17]",10.0,17.0,False,OOT,19539,26202,45741,0.5728340001311734,0.0381175,2.2086344140898566,0.33434473918520363,ok,
d360_apl_ord_cnt_all,10,300729.80151724815,83,7,"(17, inf]",17.0,inf,False,OOT,17109,32318,49427,0.6538531571812977,0.041189166666666666,2.551223602663043,0.49340341803437604,ok,
d360_apl_ord_cnt_all,10,300729.80151724815,83,0,Missing,,,True,DEV-OOS,1879540,19228,1898768,0.01012656627876602,0.5274355555555555,-3.021952820204834,1.8161510598311088,ok,
d360_apl_ord_cnt_all,10,300729.80151724815,83,1,"(-inf, 2]",-inf,2.0,False,DEV-OOS,606375,105814,712189,0.1485757291954804,0.19783027777777779,-0.185375632650839,0.006393116826563758,ok,
d360_apl_ord_cnt_all,10,300729.80151724815,83,2,"(2, 3]",2.0,3.0,False,DEV-OOS,109711,45541,155252,0.29333599567155333,0.043125555555555556,0.6812060424377457,0.02452414505674118,ok,
d360_apl_ord_cnt_all,10,300729.80151724815,83,3,"(3, 5]",3.0,5.0,False,DEV-OOS,132151,78254,210405,0.3719208193721632,0.058445833333333336,1.0364535814434788,0.08375303136434538,ok,
d360_apl_ord_cnt_all,10,300729.80151724815,83,4,"(5, 7]",5.0,7.0,False,DEV-OOS,75270,64292,139562,0.4606698098336223,0.038767222222222224,1.4027909293300718,0.1088336811513408,ok,
d360_apl_ord_cnt_all,10,300729.80151724815,83,5,"(7, 10]",7.0,10.0,False,DEV-OOS,63443,76407,139850,0.5463496603503754,0.03884722222222222,1.7463673502624508,0.17628876369165078,ok,
d360_apl_ord_cnt_all,10,300729.80151724815,83,6,"(10, 17]",10.0,17.0,False,DEV-OOS,57744,107535,165279,0.6506271214128837,0.04591083333333333,2.182229156253052,0.3331696422559137,ok,
d360_apl_ord_cnt_all,10,300729.80151724815,83,7,"(17, inf]",17.0,inf,False,DEV-OOS,50866,127829,178695,0.7153473796133076,0.0496375,2.4819290285036817,0.4652654801233081,ok,
d360_apl_ord_cnt_all,10,300729.80151724815,83,0,Missing,,,True,OOT-OOS,675083,5890,680973,0.008649388448587536,0.5674775,-2.950091819744212,1.8349855086268125,ok,
d360_apl_ord_cnt_all,10,300729.80151724815,83,1,"(-inf, 2]",-inf,2.0,False,OOT-OOS,190482,30619,221101,0.1384842221428216,0.18425083333333334,-0.03651958245306017,0.00024254114382486164,ok,
d360_apl_ord_cnt_all,10,300729.80151724815,83,2,"(2, 3]",2.0,3.0,False,OOT-OOS,35730,12828,48558,0.264178920054368,0.040465,0.7670682760058067,0.03073648762052191,ok,
d360_apl_ord_cnt_all,10,300729.80151724815,83,3,"(3, 5]",3.0,5.0,False,OOT-OOS,42994,21152,64146,0.32974776291584823,0.053455,1.0820895847578078,0.08824341477221938,ok,
d360_apl_ord_cnt_all,10,300729.80151724815,83,4,"(5, 7]",5.0,7.0,False,OOT-OOS,24393,17217,41610,0.4137707281903389,0.034675,1.4430132885465314,0.11066061081348147,ok,
d360_apl_ord_cnt_all,10,300729.80151724815,83,5,"(7, 10]",7.0,10.0,False,OOT-OOS,20810,19894,40704,0.488748034591195,0.03392,1.7463893280706517,0.16727225705546037,ok,
d360_apl_ord_cnt_all,10,300729.80151724815,83,6,"(10, 17]",10.0,17.0,False,OOT-OOS,20542,28846,49388,0.584069004616506,0.04115666666666667,2.130896441090981,0.3158970116119675,ok,
d360_apl_ord_cnt_all,10,300729.80151724815,83,7,"(17, inf]",17.0,inf,False,OOT-OOS,18488,35032,53520,0.654559043348281,0.0446,2.430530968363716,0.4528488843760819,ok,
ord_apl_sum_prc_amt_360_day,11,269005.65514707565,105,0,"(-inf, 2300]",-inf,2300.0,False,DEV,2125985,35562,2161547,0.01645210582975989,0.6004297222222222,-2.3790476607708064,1.5049820973504733,ok,
ord_apl_sum_prc_amt_360_day,11,269005.65514707565,105,1,"(2300, 9000]",2300.0,9000.0,False,DEV,277114,84032,361146,0.23268151938551168,0.10031833333333333,0.5184242164988752,0.032006962610797475,ok,
ord_apl_sum_prc_amt_360_day,11,269005.65514707565,105,2,"(9000, 21600]",9000.0,21600.0,False,DEV,249064,109032,358096,0.3044770117510388,0.09947111111111111,0.8855854697605805,0.10302982941010622,ok,
ord_apl_sum_prc_amt_360_day,11,269005.65514707565,105,3,"(21600, 53000]",21600.0,53000.0,False,DEV,223760,136025,359785,0.3780730158288978,0.09994027777777778,1.2139174506333417,0.2108112724620322,ok,
ord_apl_sum_prc_amt_360_day,11,269005.65514707565,105,4,"(53000, inf]",53000.0,inf,False,DEV,173460,185966,359426,0.5173971832866849,0.09984055555555556,1.7812680081053496,0.5002811164246647,ok,
ord_apl_sum_prc_amt_360_day,11,269005.65514707565,105,0,"(-inf, 2300]",-inf,2300.0,False,OOT,755567,9864,765431,0.01288685720855309,0.6378591666666666,-2.42330072142115,1.5954130889911575,ok,
ord_apl_sum_prc_amt_360_day,11,269005.65514707565,105,1,"(2300, 9000]",2300.0,9000.0,False,OOT,80823,21592,102415,0.2108284919201289,0.08534583333333333,0.5953042144998228,0.03742617325242533,ok,
ord_apl_sum_prc_amt_360_day,11,269005.65514707565,105,2,"(9000, 21600]",9000.0,21600.0,False,OOT,77233,28885,106118,0.2721969882583539,0.08843166666666667,0.9317323855276526,0.10587795201981794,ok,
ord_apl_sum_prc_amt_360_day,11,269005.65514707565,105,3,"(21600, 53000]",21600.0,53000.0,False,OOT,71340,37520,108860,0.34466286974095167,0.09071666666666667,1.2726492088307948,0.22311337092835573,ok,
ord_apl_sum_prc_amt_360_day,11,269005.65514707565,105,4,"(53000, inf]",53000.0,inf,False,OOT,60965,56211,117176,0.4797142759609476,0.09764666666666667,1.83403917904792,0.5622154604426122,ok,
ord_apl_sum_prc_amt_360_day,11,269005.65514707565,105,0,"(-inf, 2300]",-inf,2300.0,False,DEV-OOS,2028286,40026,2068312,0.019352012655730857,0.5745311111111111,-2.3649667585641696,1.4608425531662654,ok,
ord_apl_sum_prc_amt_360_day,11,269005.65514707565,105,1,"(2300, 9000]",2300.0,9000.0,False,DEV-OOS,287485,97723,385208,0.25368891611804534,0.10700222222222222,0.48140777178472016,0.028764857351174147,ok,
ord_apl_sum_prc_amt_360_day,11,269005.65514707565,105,2,"(9000, 21600]",9000.0,21600.0,False,DEV-OOS,252958,122218,375176,0.3257617758065548,0.10421555555555556,0.8330231163893185,0.09209484789744365,ok,
ord_apl_sum_prc_amt_360_day,11,269005.65514707565,105,3,"(21600, 53000]",21600.0,53000.0,False,DEV-OOS,227713,154097,381810,0.4035960294387261,0.10605833333333334,1.1699353927136458,0.19895307409183954,ok,
ord_apl_sum_prc_amt_360_day,11,269005.65514707565,105,4,"(53000, inf]",53000.0,inf,False,DEV-OOS,178658,210836,389494,0.5413074399092156,0.10819277777777778,1.7260449227814227,0.47870099627648055,ok,
ord_apl_sum_prc_amt_360_day,11,269005.65514707565,105,0,"(-inf, 2300]",-inf,2300.0,False,OOT-OOS,716423,10830,727253,0.014891653936113016,0.6060441666666667,-2.4004942721625366,1.5204630924345277,ok,
ord_apl_sum_prc_amt_360_day,11,269005.65514707565,105,1,"(2300, 9000]",2300.0,9000.0,False,OOT-OOS,89903,26450,116353,0.2273254664684194,0.09696083333333333,0.5679491612412791,0.037960410225564734,ok,
ord_apl_sum_prc_amt_360_day,11,269005.65514707565,105,2,"(9000, 21600]",9000.0,21600.0,False,OOT-OOS,81375,32757,114132,0.28700977815161394,0.09511,0.8814686709840325,0.09864416467617663,ok,
ord_apl_sum_prc_amt_360_day,11,269005.65514707565,105,3,"(21600, 53000]",21600.0,53000.0,False,OOT-OOS,75913,40526,116439,0.34804489904585234,0.0970325,1.163772519318011,0.1891419366408234,ok,
ord_apl_sum_prc_amt_360_day,11,269005.65514707565,105,4,"(53000, inf]",53000.0,inf,False,OOT-OOS,64908,60915,125823,0.48413247180563174,0.1048525,1.727920044463802,0.5047676845073619,ok,
dau_90d,12,236275.71815240383,445,0,"(-inf, 1]",-inf,1.0,False,DEV,2475779,133679,2609458,0.05122864594869893,0.7248494444444444,-1.207213320904239,0.6870423585952293,ok,
dau_90d,12,236275.71815240383,445,1,"(1, 6]",1.0,6.0,False,DEV,234646,63501,298147,0.2129855406896598,0.0828186111111111,0.4046355113722605,0.015529377738730789,ok,
dau_90d,12,236275.71815240383,445,2,"(6, 16]",6.0,16.0,False,DEV,209137,129860,338997,0.38307123661861314,0.09416583333333334,1.235120976991931,0.20658765173966265,ok,
dau_90d,12,236275.71815240383,445,3,"(16, inf]",16.0,inf,False,DEV,129821,223577,353398,0.6326493075795562,0.0981661111111111,2.2552497901035977,0.8197258952929145,ok,
dau_90d,12,236275.71815240383,445,0,"(-inf, 1]",-inf,1.0,False,OOT,874285,40534,914819,0.04430821834701728,0.7623491666666666,-1.1560248037107494,0.6621806207331946,ok,
dau_90d,12,236275.71815240383,445,1,"(1, 6]",1.0,6.0,False,OOT,70899,19092,89991,0.21215454878821216,0.0749925,0.6032609207511304,0.033862026479108916,ok,
dau_90d,12,236275.71815240383,445,2,"(6, 16]",6.0,16.0,False,OOT,61555,35363,96918,0.3648754617305351,0.080765,1.3609697221856942,0.23227727114302218,ok,
dau_90d,12,236275.71815240383,445,3,"(16, inf]",16.0,inf,False,OOT,39189,59083,98272,0.6012190654509931,0.08189333333333333,2.3257715581389573,0.8047315071514167,ok,
dau_90d,12,236275.71815240383,445,0,"(-inf, 1]",-inf,1.0,False,DEV-OOS,2375729,149555,2525284,0.05922304184400646,0.7014677777777778,-1.2049535001385125,0.6738230505751827,ok,
dau_90d,12,236275.71815240383,445,1,"(1, 6]",1.0,6.0,False,DEV-OOS,239871,70998,310869,0.22838559007170223,0.0863525,0.3429941524332189,0.011315069627948236,ok,
dau_90d,12,236275.71815240383,445,2,"(6, 16]",6.0,16.0,False,DEV-OOS,219593,145545,365138,0.3986027200674813,0.10142722222222222,1.1491494082414768,0.18282841787338158,ok,
dau_90d,12,236275.71815240383,445,3,"(16, inf]",16.0,inf,False,DEV-OOS,139907,258802,398709,0.6490999701536709,0.1107525,2.175522498257739,0.7986839540665246,ok,
dau_90d,12,236275.71815240383,445,0,"(-inf, 1]",-inf,1.0,False,OOT-OOS,842537,45373,887910,0.051100899865977406,0.739925,-1.1300765353895674,0.6267088984883862,ok,
dau_90d,12,236275.71815240383,445,1,"(1, 6]",1.0,6.0,False,OOT-OOS,76123,21396,97519,0.2194033983121238,0.08126583333333333,0.5222837378923149,0.026512748350089533,ok,
dau_90d,12,236275.71815240383,445,2,"(6, 16]",6.0,16.0,False,OOT-OOS,67613,39808,107421,0.3705793094460115,0.0895175,1.261686192119307,0.20995496292497742,ok,
dau_90d,12,236275.71815240383,445,3,"(16, inf]",16.0,inf,False,OOT-OOS,42249,64901,107150,0.6057022865142324,0.08929166666666667,2.22069161855486,0.74926300174288,ok,
cnt_other_info_cash_uid_recent_days_30,13,234065.6077349186,112,0,"(-inf, 1]",-inf,1.0,False,DEV,3002454,384551,3387005,0.11353718107885875,0.9408347222222222,-0.34345408143552886,0.09830012055079859,ok,
cnt_other_info_cash_uid_recent_days_30,13,234065.6077349186,112,1,"(1, inf]",1.0,inf,False,DEV,46929,166066,212995,0.7796708842930585,0.059165277777777775,2.9753954331695853,0.8515890349719681,ok,
cnt_other_info_cash_uid_recent_days_30,13,234065.6077349186,112,0,"(-inf, 1]",-inf,1.0,False,OOT,1034002,113375,1147377,0.0988123345683241,0.9561475,-0.29525290567233736,0.0746226586075888,ok,
cnt_other_info_cash_uid_recent_days_30,13,234065.6077349186,112,1,"(1, inf]",1.0,inf,False,OOT,11926,40697,52623,0.7733690591566426,0.0438525,3.1426380990921965,0.7942750282566673,ok,
cnt_other_info_cash_uid_recent_days_30,13,234065.6077349186,112,0,"(-inf, 1]",-inf,1.0,False,DEV-OOS,2923975,433497,3357472,0.12911410728071596,0.9326311111111111,-0.34837338291682574,0.10071810972253996,ok,
cnt_other_info_cash_uid_recent_days_30,13,234065.6077349186,112,1,"(1, inf]",1.0,inf,False,DEV-OOS,51125,191403,242528,0.7891995975722391,0.0673688888888889,2.8805404006903,0.8327920511832032,ok,
cnt_other_info_cash_uid_recent_days_30,13,234065.6077349186,112,0,"(-inf, 1]",-inf,1.0,False,OOT-OOS,1015632,127410,1143042,0.11146572041972211,0.952535,-0.28443443140375185,0.06953216735105926,ok,
cnt_other_info_cash_uid_recent_days_30,13,234065.6077349186,112,1,"(1, inf]",1.0,inf,False,OOT-OOS,12890,44068,56958,0.773692896520243,0.047465,3.020672896934766,0.7384265412099004,ok,
cnt_avg_ord_span_30d,14,144646.98203492165,178,0,Missing,,,True,DEV,2891684,248760,3140444,0.07921172929687649,0.8723455555555556,-0.741456995759798,0.36813556116758867,ok,
cnt_avg_ord_span_30d,14,144646.98203492165,178,1,"(-inf, 7.5]",-inf,7.5,False,DEV,6808,40449,47257,0.855936686628436,0.013126944444444445,3.4935293522181716,0.24883940666377946,ok,
cnt_avg_ord_span_30d,14,144646.98203492165,178,2,"(7.5, 11.5]",7.5,11.5,False,DEV,7568,38659,46227,0.836286153113981,0.012840833333333333,3.3424445445237034,0.22637896061161453,ok,
cnt_avg_ord_span_30d,14,144646.98203492165,178,3,"(11.5, 15.5]",11.5,15.5,False,DEV,8860,35989,44849,0.8024482151218534,0.012458055555555556,3.1132709341251785,0.1944418663709599,ok,
cnt_avg_ord_span_30d,14,144646.98203492165,178,4,"(15.5, 22]",15.5,22.0,False,DEV,12032,37788,49820,0.7584905660377359,0.013838888888888888,2.8560404026499864,0.18473673401551613,ok,
cnt_avg_ord_span_30d,14,144646.98203492165,178,5,"(22, 29]",22.0,29.0,False,DEV,12182,30488,42670,0.7145066791656902,0.011852777777777778,2.6289959689085913,0.1350670424762182,ok,
cnt_avg_ord_span_30d,14,144646.98203492165,178,6,"(29, 34]",29.0,34.0,False,DEV,14859,32246,47105,0.684555779641227,0.013084722222222222,2.486417020184473,0.13349765012917147,ok,
cnt_avg_ord_span_30d,14,144646.98203492165,178,7,"(34, 47]",34.0,47.0,False,DEV,16910,27176,44086,0.6164315202104976,0.01224611111111111,2.186064799811877,0.09577241298004406,ok,
cnt_avg_ord_span_30d,14,144646.98203492165,178,8,"(47, 69]",47.0,69.0,False,DEV,21595,24617,46212,0.5326971349433047,0.012836666666666666,1.8426195137994303,0.06933146568066471,ok,
cnt_avg_ord_span_30d,14,144646.98203492165,178,9,"(69, 124]",69.0,124.0,False,DEV,25488,20116,45604,0.44110165774932025,0.012667777777777778,1.474959905098978,0.041557796985677055,ok,
cnt_avg_ord_span_30d,14,144646.98203492165,178,10,"(124, inf]",124.0,inf,False,DEV,31397,14329,45726,0.3133665748152036,0.012701666666666667,0.9272389787978836,0.014583480299215527,ok,
cnt_avg_ord_span_30d,14,144646.98203492165,178,0,Missing,,,True,OOT,1000473,75103,1075576,0.06982584215341361,0.8963133333333333,-0.6741521602076073,0.31624253427912125,ok,
cnt_avg_ord_span_30d,14,144646.98203492165,178,1,"(-inf, 7.5]",-inf,7.5,False,OOT,2201,11441,13642,0.8386600205248498,0.011368333333333333,3.56331749452112,0.2571049953033405,ok,
cnt_avg_ord_span_30d,14,144646.98203492165,178,2,"(7.5, 11.5]",7.5,11.5,False,OOT,2545,10674,13219,0.8074740903245329,0.011015833333333334,3.348739969747338,0.22385107409742624,ok,
cnt_avg_ord_span_30d,14,144646.98203492165,178,3,"(11.5, 15.5]",11.5,15.5,False,OOT,2957,9739,12696,0.7670919974795211,0.01058,3.1070548092614594,0.18761663929165187,ok,
cnt_avg_ord_span_30d,14,144646.98203492165,178,4,"(15.5, 22]",15.5,22.0,False,OOT,4157,10015,14172,0.7066751340671747,0.01181,2.7944293053963003,0.1705386653664637,ok,
cnt_avg_ord_span_30d,14,144646.98203492165,178,5,"(22, 29]",22.0,29.0,False,OOT,4071,8393,12464,0.6733793324775353,0.010386666666666667,2.638655459352633,0.13347147077781266,ok,
cnt_avg_ord_span_30d,14,144646.98203492165,178,6,"(29, 34]",29.0,34.0,False,OOT,4383,7577,11960,0.6335284280936455,0.009966666666666667,2.462545182400668,0.11078695974466846,ok,
cnt_avg_ord_span_30d,14,144646.98203492165,178,7,"(34, 47]",34.0,47.0,False,OOT,5054,7074,12128,0.583278364116095,0.010106666666666667,2.251427178539245,0.09249466188448757,ok,
cnt_avg_ord_span_30d,14,144646.98203492165,178,8,"(47, 69]",47.0,69.0,False,OOT,5907,5879,11786,0.49881215000848467,0.009821666666666666,1.9104583386997576,0.06211149035198663,ok,
cnt_avg_ord_span_30d,14,144646.98203492165,178,9,"(69, 124]",69.0,124.0,False,OOT,6536,4795,11331,0.42317535963286557,0.0094425,1.605485468663441,0.039935658044523765,ok,
cnt_avg_ord_span_30d,14,144646.98203492165,178,10,"(124, inf]",124.0,inf,False,OOT,7644,3382,11026,0.3067295483402866,0.009188333333333333,1.0998379905416247,0.01610652879493942,ok,
cnt_avg_ord_span_30d,14,144646.98203492165,178,0,Missing,,,True,DEV-OOS,2806944,281164,3088108,0.09104733383676995,0.8578077777777777,-0.7404775556352696,0.3654597867178076,ok,
cnt_avg_ord_span_30d,14,144646.98203492165,178,1,"(-inf, 7.5]",-inf,7.5,False,DEV-OOS,7439,47846,55285,0.8654427059781135,0.015356944444444444,3.4216286689238515,0.25342427268985984,ok,
cnt_avg_ord_span_30d,14,144646.98203492165,178,2,"(7.5, 11.5]",7.5,11.5,False,DEV-OOS,8451,44310,52761,0.8398248706430886,0.014655833333333333,3.217312070105451,0.21899207807895663,ok,
cnt_avg_ord_span_30d,14,144646.98203492165,178,3,"(11.5, 15.5]",11.5,15.5,False,DEV-OOS,9612,40897,50509,0.8096972816725732,0.014030277777777777,3.0084389428857334,0.18716978081576943,ok,
cnt_avg_ord_span_30d,14,144646.98203492165,178,4,"(15.5, 22]",15.5,22.0,False,DEV-OOS,13016,42945,55961,0.7674094458640839,0.015544722222222222,2.754148427742346,0.17722408619123312,ok,
cnt_avg_ord_span_30d,14,144646.98203492165,178,5,"(22, 29]",22.0,29.0,False,DEV-OOS,13173,34646,47819,0.7245237248792321,0.013283055555555555,2.5274238157109585,0.1289362043318374,ok,
cnt_avg_ord_span_30d,14,144646.98203492165,178,6,"(29, 34]",29.0,34.0,False,DEV-OOS,16698,37418,54116,0.6914406090620149,0.015032222222222223,2.3672806807286997,0.12846264395410414,ok,
cnt_avg_ord_span_30d,14,144646.98203492165,178,7,"(34, 47]",34.0,47.0,False,DEV-OOS,18032,31025,49057,0.6324275842387427,0.013626944444444445,2.1030681028318803,0.09166680211874151,ok,
cnt_avg_ord_span_30d,14,144646.98203492165,178,8,"(47, 69]",47.0,69.0,False,DEV-OOS,23274,27652,50926,0.5429839374779091,0.014146111111111111,1.7327921403703168,0.06312147072702719,ok,
cnt_avg_ord_span_30d,14,144646.98203492165,178,9,"(69, 124]",69.0,124.0,False,DEV-OOS,26833,21846,48679,0.44877667988249553,0.013521944444444444,1.3548239599586236,0.03514459671478464,ok,
cnt_avg_ord_span_30d,14,144646.98203492165,178,10,"(124, inf]",124.0,inf,False,DEV-OOS,31628,15151,46779,0.32388464909467923,0.012994166666666666,0.8244752653257617,0.011225242637941984,ok,
cnt_avg_ord_span_30d,14,144646.98203492165,178,0,Missing,,,True,OOT-OOS,979426,85179,1064605,0.08000995674452027,0.8871708333333334,-0.6508100070904353,0.2964697426138941,ok,
cnt_avg_ord_span_30d,14,144646.98203492165,178,1,"(-inf, 7.5]",-inf,7.5,False,OOT-OOS,2443,12629,15072,0.8379113588110403,0.01256,3.4340003042073075,0.2447506749472792,ok,
cnt_avg_ord_span_30d,14,144646.98203492165,178,2,"(7.5, 11.5]",7.5,11.5,False,OOT-OOS,2781,11403,14184,0.8039340101522843,0.01182,3.202326369929342,0.2042916346355233,ok,
cnt_avg_ord_span_30d,14,144646.98203492165,178,3,"(11.5, 15.5]",11.5,15.5,False,OOT-OOS,3294,10449,13743,0.7603143418467584,0.0114525,2.945696113642917,0.17006319292020988,ok,
cnt_avg_ord_span_30d,14,144646.98203492165,178,4,"(15.5, 22]",15.5,22.0,False,OOT-OOS,4448,11154,15602,0.7149083450839636,0.013001666666666667,2.710672437866368,0.16459734124678035,ok,
cnt_avg_ord_span_30d,14,144646.98203492165,178,5,"(22, 29]",22.0,29.0,False,OOT-OOS,4483,9193,13676,0.672199473530272,0.011396666666666666,2.5094891158402794,0.12359843062374373,ok,
cnt_avg_ord_span_30d,14,144646.98203492165,178,6,"(29, 34]",29.0,34.0,False,OOT-OOS,4880,8546,13426,0.6365261433040369,0.011188333333333333,2.3516705634197885,0.10604501186609075,ok,
cnt_avg_ord_span_30d,14,144646.98203492165,178,7,"(34, 47]",34.0,47.0,False,OOT-OOS,5630,7753,13383,0.5793170440110588,0.0111525,2.111342500805609,0.08390460651322842,ok,
cnt_avg_ord_span_30d,14,144646.98203492165,178,8,"(47, 69]",47.0,69.0,False,OOT-OOS,6387,6567,12954,0.5069476609541455,0.010795,1.8191866816862206,0.05837371773369032,ok,
cnt_avg_ord_span_30d,14,144646.98203492165,178,9,"(69, 124]",69.0,124.0,False,OOT-OOS,7163,5156,12319,0.4185404659469113,0.010265833333333333,1.4626557610611821,0.03379486185478798,ok,
cnt_avg_ord_span_30d,14,144646.98203492165,178,10,"(124, inf]",124.0,inf,False,OOT-OOS,7587,3449,11036,0.3125226531351939,0.009196666666666667,1.0031235312568954,0.012778376148963051,ok,
stg_pln_pay_off_sum_prc_amt_1m,15,130206.73445272446,176,0,"(-inf, 159.64]",-inf,159.63999938964844,False,DEV,2442995,77015,2520010,0.030561386661164043,0.7000027777777778,-1.7453214189589217,1.1541337729039032,ok,
stg_pln_pay_off_sum_prc_amt_1m,15,130206.73445272446,176,1,"(159.64, 823.76]",159.63999938964844,823.760009765625,False,DEV,237570,122424,359994,0.340072334538909,0.09999833333333333,1.048682201918301,0.15146336241322936,ok,
stg_pln_pay_off_sum_prc_amt_1m,15,130206.73445272446,176,2,"(823.76, 2494.14]",823.760009765625,2494.1408935546883,False,DEV,202398,157598,359996,0.43777708641207125,0.09999888888888889,1.4614642432957932,0.32129860482785855,ok,
stg_pln_pay_off_sum_prc_amt_1m,15,130206.73445272446,176,3,"(2494.14, inf]",2494.1408935546883,inf,False,DEV,166420,193580,360000,0.5377222222222222,0.1,1.862827838717174,0.553248258625074,ok,
stg_pln_pay_off_sum_prc_amt_1m,15,130206.73445272446,176,0,"(-inf, 159.64]",-inf,159.63999938964844,False,OOT,863740,24822,888562,0.02793502310474677,0.7404683333333333,-1.6342931622451955,1.086320141730756,ok,
stg_pln_pay_off_sum_prc_amt_1m,15,130206.73445272446,176,1,"(159.64, 823.76]",159.63999938964844,823.760009765625,False,OOT,68098,35828,103926,0.34474529954005734,0.086605,1.2730171938976527,0.2131447967678628,ok,
stg_pln_pay_off_sum_prc_amt_1m,15,130206.73445272446,176,2,"(823.76, 2494.14]",823.760009765625,2494.1408935546883,False,OOT,60360,43333,103693,0.41789706151813527,0.08641083333333334,1.5838198047348049,0.3540491887428977,ok,
stg_pln_pay_off_sum_prc_amt_1m,15,130206.73445272446,176,3,"(2494.14, inf]",2494.1408935546883,inf,False,OOT,53730,50089,103819,0.4824646740962637,0.08651583333333333,1.8450593090994967,0.5050466968937078,ok,
stg_pln_pay_off_sum_prc_amt_1m,15,130206.73445272446,176,0,"(-inf, 159.64]",-inf,159.63999938964844,False,DEV-OOS,2338898,88972,2427870,0.03664611367165458,0.6744083333333334,-1.7086692721440142,1.100005550597892,ok,
stg_pln_pay_off_sum_prc_amt_1m,15,130206.73445272446,176,1,"(159.64, 823.76]",159.63999938964844,823.760009765625,False,DEV-OOS,255564,143051,398615,0.35887008767858714,0.11072638888888889,0.9801686469809956,0.1401809812561986,ok,
stg_pln_pay_off_sum_prc_amt_1m,15,130206.73445272446,176,2,"(823.76, 2494.14]",823.760009765625,2494.1408935546883,False,DEV-OOS,210526,179590,390116,0.4603502547960094,0.10836555555555556,1.4015064888752258,0.3036042566029316,ok,
stg_pln_pay_off_sum_prc_amt_1m,15,130206.73445272446,176,3,"(2494.14, inf]",2494.1408935546883,inf,False,DEV-OOS,170112,213287,383399,0.5563055720020136,0.10649972222222222,1.786619803631225,0.5076408714857644,ok,
stg_pln_pay_off_sum_prc_amt_1m,15,130206.73445272446,176,0,"(-inf, 159.64]",-inf,159.63999938964844,False,OOT-OOS,828004,28644,856648,0.033437304470447606,0.7138733333333334,-1.5726437344533422,1.0033446464004538,ok,
stg_pln_pay_off_sum_prc_amt_1m,15,130206.73445272446,176,1,"(159.64, 823.76]",159.63999938964844,823.760009765625,False,OOT-OOS,78538,42776,121314,0.3526056349638129,0.101095,1.1838133380013958,0.2049114012648429,ok,
stg_pln_pay_off_sum_prc_amt_1m,15,130206.73445272446,176,2,"(823.76, 2494.14]",823.760009765625,2494.1408935546883,False,OOT-OOS,65049,47415,112464,0.4216015791720017,0.09372,1.4752140629771162,0.3146070700223855,ok,
stg_pln_pay_off_sum_prc_amt_1m,15,130206.73445272446,176,3,"(2494.14, inf]",2494.1408935546883,inf,False,OOT-OOS,56931,52643,109574,0.48043331447241133,0.09131166666666667,1.713107385450509,0.4310903905861359,ok,
ddf_lst_app_str_tim_to_mdl_tim_sec,16,93691.18523569405,501,0,Missing,,,True,DEV,2360269,117630,2477899,0.04747166853854818,0.6883052777777777,-1.2873358295235189,0.7214000739504406,ok,
ddf_lst_app_str_tim_to_mdl_tim_sec,16,93691.18523569405,501,1,"(-inf, 43393]",-inf,43393.0,False,DEV,43393,68820,112213,0.6132979244829031,0.03117027777777778,2.1728389066802594,0.24065600951556487,ok,
ddf_lst_app_str_tim_to_mdl_tim_sec,16,93691.18523569405,501,2,"(43393, 113838]",43393.0,113838.0,False,DEV,46690,65518,112208,0.583897761300442,0.03116888888888889,2.0504387289650925,0.21258628890600723,ok,
ddf_lst_app_str_tim_to_mdl_tim_sec,16,93691.18523569405,501,3,"(113838, 209031]",113838.0,209031.00000000012,False,DEV,52973,59237,112210,0.5279119508065235,0.031169444444444444,1.8234099000952597,0.1644915169694971,ok,
ddf_lst_app_str_tim_to_mdl_tim_sec,16,93691.18523569405,501,4,"(209031, 350987]",209031.00000000012,350987.0,False,DEV,57407,54803,112210,0.4883967560823456,0.031169444444444444,1.6652260050286998,0.1343906854862192,ok,
ddf_lst_app_str_tim_to_mdl_tim_sec,16,93691.18523569405,501,5,"(350987, 548908]",350987.0,548908.0,False,DEV,63291,48920,112211,0.43596438851805974,0.031169722222222224,1.4540923939143633,0.09900963612839386,ok,
ddf_lst_app_str_tim_to_mdl_tim_sec,16,93691.18523569405,501,6,"(548908, 843195]",548908.0,843195.0000000023,False,DEV,69459,42750,112209,0.380985482447932,0.031169166666666668,1.2262839436303397,0.06727655368496394,ok,
ddf_lst_app_str_tim_to_mdl_tim_sec,16,93691.18523569405,501,7,"(843195, 1.35176e+06]",843195.0000000023,1351760.0,False,DEV,76388,35823,112211,0.3192467761627648,0.031169722222222224,0.9544188426648168,0.03818588561473111,ok,
ddf_lst_app_str_tim_to_mdl_tim_sec,16,93691.18523569405,501,8,"(1.35176e+06, 2.29002e+06]",1351760.0,2290022.0,False,DEV,84878,27331,112209,0.24357226247448957,0.031169166666666668,0.5784659623458628,0.012612211689931532,ok,
ddf_lst_app_str_tim_to_mdl_tim_sec,16,93691.18523569405,501,9,"(2.29002e+06, 4.33992e+06]",2290022.0,4339920.0,False,DEV,94108,18102,112210,0.16132252027448535,0.031169444444444444,0.06324857964418594,0.0001274454364269556,ok,
ddf_lst_app_str_tim_to_mdl_tim_sec,16,93691.18523569405,501,10,"(4.33992e+06, inf]",4339920.0,inf,False,DEV,100527,11683,112210,0.10411728009981285,0.031169444444444444,-0.4406068305515939,0.005176131852050987,ok,
ddf_lst_app_str_tim_to_mdl_tim_sec,16,93691.18523569405,501,0,Missing,,,True,OOT,837168,35022,872190,0.04015409486465105,0.726825,-1.2588253078604488,0.7214311972625675,ok,
ddf_lst_app_str_tim_to_mdl_tim_sec,16,93691.18523569405,501,1,"(-inf, 43393]",-inf,43393.0,False,OOT,12608,17966,30574,0.5876234709230065,0.025478333333333332,2.2693470675737206,0.23726504848536575,ok,
ddf_lst_app_str_tim_to_mdl_tim_sec,16,93691.18523569405,501,2,"(43393, 113838]",43393.0,113838.0,False,OOT,13433,16696,30129,0.5541504862424906,0.0251075,2.13265687396115,0.20371297647341816,ok,
ddf_lst_app_str_tim_to_mdl_tim_sec,16,93691.18523569405,501,3,"(113838, 209031]",113838.0,209031.00000000012,False,OOT,15696,16299,31995,0.509423347398031,0.0266625,1.9529060194275736,0.17728579183101714,ok,
ddf_lst_app_str_tim_to_mdl_tim_sec,16,93691.18523569405,501,4,"(209031, 350987]",209031.00000000012,350987.0,False,OOT,16699,14707,31406,0.46828631471693305,0.026171666666666666,1.7881881333990892,0.14214144570615872,ok,
ddf_lst_app_str_tim_to_mdl_tim_sec,16,93691.18523569405,501,5,"(350987, 548908]",350987.0,548908.0,False,OOT,17858,12739,30597,0.41634800797463806,0.0254975,1.5774371620442524,0.10349280502010215,ok,
ddf_lst_app_str_tim_to_mdl_tim_sec,16,93691.18523569405,501,6,"(548908, 843195]",548908.0,843195.0000000023,False,OOT,20345,11682,32027,0.3647547381896525,0.026689166666666667,1.3604415828752128,0.07668840605546515,ok,
ddf_lst_app_str_tim_to_mdl_tim_sec,16,93691.18523569405,501,7,"(843195, 1.35176e+06]",843195.0000000023,1351760.0,False,OOT,22873,10504,33377,0.31470773286994036,0.027814166666666668,1.1370340460378554,0.0526534861728156,ok,
ddf_lst_app_str_tim_to_mdl_tim_sec,16,93691.18523569405,501,8,"(1.35176e+06, 2.29002e+06]",1351760.0,2290022.0,False,OOT,26435,8567,35002,0.24475744243186104,0.029168333333333334,0.7884775154372978,0.023914982241885194,ok,
ddf_lst_app_str_tim_to_mdl_tim_sec,16,93691.18523569405,501,9,"(2.29002e+06, 4.33992e+06]",2290022.0,4339920.0,False,OOT,29931,5888,35819,0.16438203188252046,0.029849166666666666,0.28929920324849506,0.00277749219149761,ok,
ddf_lst_app_str_tim_to_mdl_tim_sec,16,93691.18523569405,501,10,"(4.33992e+06, inf]",4339920.0,inf,False,OOT,32882,4002,36884,0.10850233163431298,0.030736666666666666,-0.190812090974714,0.00104206993357238,ok,
ddf_lst_app_str_tim_to_mdl_tim_sec,16,93691.18523569405,501,0,Missing,,,True,DEV-OOS,2260898,131439,2392337,0.054941674187206906,0.6645380555555556,-1.2845365686934014,0.7059863471605187,ok,
ddf_lst_app_str_tim_to_mdl_tim_sec,16,93691.18523569405,501,1,"(-inf, 43393]",-inf,43393.0,False,DEV-OOS,46285,80740,127025,0.6356229088762054,0.035284722222222224,2.116845912257621,0.2405726288426067,ok,
ddf_lst_app_str_tim_to_mdl_tim_sec,16,93691.18523569405,501,2,"(43393, 113838]",43393.0,113838.0,False,DEV-OOS,50350,75012,125362,0.5983631403455593,0.03482277777777778,1.9590805579450796,0.2020090481982561,ok,
ddf_lst_app_str_tim_to_mdl_tim_sec,16,93691.18523569405,501,3,"(113838, 209031]",113838.0,209031.00000000012,False,DEV-OOS,55651,67695,123346,0.5488220128743534,0.03426277777777778,1.756345017684782,0.1574097106997754,ok,
ddf_lst_app_str_tim_to_mdl_tim_sec,16,93691.18523569405,501,4,"(209031, 350987]",209031.00000000012,350987.0,False,DEV-OOS,61380,62530,123910,0.5046404648535228,0.03441944444444445,1.5789965838060864,0.12542374160813943,ok,
ddf_lst_app_str_tim_to_mdl_tim_sec,16,93691.18523569405,501,5,"(350987, 548908]",350987.0,548908.0,False,DEV-OOS,66234,54749,120983,0.45253465362902223,0.03360638888888889,1.3700011022373841,0.0895289404803699,ok,
ddf_lst_app_str_tim_to_mdl_tim_sec,16,93691.18523569405,501,6,"(548908, 843195]",548908.0,843195.0000000023,False,DEV-OOS,72248,48029,120277,0.39931990322339267,0.033410277777777775,1.1521381811621878,0.060573056713601345,ok,
ddf_lst_app_str_tim_to_mdl_tim_sec,16,93691.18523569405,501,7,"(843195, 1.35176e+06]",843195.0000000023,1351760.0,False,DEV-OOS,79733,40239,119972,0.3354032607608442,0.03332555555555555,0.8765936177910919,0.03295352978063442,ok,
ddf_lst_app_str_tim_to_mdl_tim_sec,16,93691.18523569405,501,8,"(1.35176e+06, 2.29002e+06]",1351760.0,2290022.0,False,DEV-OOS,87413,31115,118528,0.2625118115550756,0.032924444444444444,0.5274906955672812,0.010766444561317055,ok,
ddf_lst_app_str_tim_to_mdl_tim_sec,16,93691.18523569405,501,9,"(2.29002e+06, 4.33992e+06]",2290022.0,4339920.0,False,DEV-OOS,95148,20299,115447,0.1758296014621428,0.03206861111111111,0.015591767398181798,7.835746513716237e-06,ok,
ddf_lst_app_str_tim_to_mdl_tim_sec,16,93691.18523569405,501,10,"(4.33992e+06, inf]",4339920.0,inf,False,DEV-OOS,99760,13053,112813,0.11570475033905667,0.031336944444444445,-0.4732816751133499,0.0059836972306368,ok,
ddf_lst_app_str_tim_to_mdl_tim_sec,16,93691.18523569405,501,0,Missing,,,True,OOT-OOS,804369,39196,843565,0.04646470633561137,0.7029708333333333,-1.230074888985767,0.6808295889774247,ok,
ddf_lst_app_str_tim_to_mdl_tim_sec,16,93691.18523569405,501,1,"(-inf, 43393]",-inf,43393.0,False,OOT-OOS,13604,19810,33414,0.5928652660561441,0.027845,2.1672078744428633,0.2216990199225537,ok,
ddf_lst_app_str_tim_to_mdl_tim_sec,16,93691.18523569405,501,2,"(43393, 113838]",43393.0,113838.0,False,OOT-OOS,14450,18370,32820,0.5597196831200487,0.02735,2.0314134957498724,0.18907833606302854,ok,
ddf_lst_app_str_tim_to_mdl_tim_sec,16,93691.18523569405,501,3,"(113838, 209031]",113838.0,209031.00000000012,False,OOT-OOS,17043,17748,34791,0.5101319306717255,0.0289925,1.8319285005760322,0.15924766951377067,ok,
ddf_lst_app_str_tim_to_mdl_tim_sec,16,93691.18523569405,501,4,"(209031, 350987]",209031.00000000012,350987.0,False,OOT-OOS,18093,16076,34169,0.4704849424917323,0.028474166666666665,1.6732022152539396,0.12742755080722368,ok,
ddf_lst_app_str_tim_to_mdl_tim_sec,16,93691.18523569405,501,5,"(350987, 548908]",350987.0,548908.0,False,OOT-OOS,19466,14421,33887,0.4255614247351492,0.028239166666666666,1.4914215037911716,0.09719876997684403,ok,
ddf_lst_app_str_tim_to_mdl_tim_sec,16,93691.18523569405,501,6,"(548908, 843195]",548908.0,843195.0000000023,False,OOT-OOS,21840,12924,34764,0.37176389368312046,0.02897,1.2667550851776297,0.06857457160810604,ok,
ddf_lst_app_str_tim_to_mdl_tim_sec,16,93691.18523569405,501,7,"(843195, 1.35176e+06]",843195.0000000023,1351760.0,False,OOT-OOS,24855,11669,36524,0.31948855547037563,0.030436666666666667,1.035295939096601,0.04543311060254232,ok,
ddf_lst_app_str_tim_to_mdl_tim_sec,16,93691.18523569405,501,8,"(1.35176e+06, 2.29002e+06]",1351760.0,2290022.0,False,OOT-OOS,28374,9797,38171,0.2566608158025726,0.031809166666666666,0.728032791229197,0.021510660013434803,ok,
ddf_lst_app_str_tim_to_mdl_tim_sec,16,93691.18523569405,501,9,"(2.29002e+06, 4.33992e+06]",2290022.0,4339920.0,False,OOT-OOS,31962,6910,38872,0.1777629141798724,0.032393333333333336,0.25987504808312495,0.0023966606662832344,ok,
ddf_lst_app_str_tim_to_mdl_tim_sec,16,93691.18523569405,501,10,"(4.33992e+06, inf]",4339920.0,inf,False,OOT-OOS,34466,4557,39023,0.11677728519078492,0.03251916666666667,-0.23181721559541907,0.0016073342016450997,ok,
his_720_day_csh_apl_ord_cnt_his_rto,17,88510.89097833633,153,0,Missing,,,True,DEV,6212,46,6258,0.007350591243208693,0.0017383333333333333,-3.1832142478091123,0.006216326050669764,ok,
his_720_day_csh_apl_ord_cnt_his_rto,17,88510.89097833633,153,1,"(-inf, 0.3125]",-inf,0.3125,False,DEV,1764652,32471,1797123,0.01806832364840915,0.4992008333333333,-2.2836941745912784,1.1868782417330768,ok,
his_720_day_csh_apl_ord_cnt_his_rto,17,88510.89097833633,153,2,"(0.3125, 0.65]",0.3125,0.6499999761581421,False,DEV,266370,93845,360215,0.26052496425745736,0.10005972222222222,0.6684137262319965,0.055534592731287906,ok,
his_720_day_csh_apl_ord_cnt_his_rto,17,88510.89097833633,153,3,"(0.65, inf]",0.6499999761581421,inf,False,DEV,1012149,424255,1436404,0.2953591050985656,0.3990011111111111,0.8421564118774382,0.3693590591146974,ok,
his_720_day_csh_apl_ord_cnt_his_rto,17,88510.89097833633,153,0,Missing,,,True,OOT,2087,10,2097,0.004768717215069146,0.0017475,-3.3771184852637672,0.0065100118322128035,ok,
his_720_day_csh_apl_ord_cnt_his_rto,17,88510.89097833633,153,1,"(-inf, 0.3125]",-inf,0.3125,False,OOT,644945,10835,655780,0.01652230931104944,0.5464833333333333,-2.171109322133729,1.1860713021119214,ok,
his_720_day_csh_apl_ord_cnt_his_rto,17,88510.89097833633,153,2,"(0.3125, 0.65]",0.3125,0.6499999761581421,False,OOT,85109,27155,112264,0.24188519917337703,0.09355333333333334,0.7728696557090896,0.0733280519051328,ok,
his_720_day_csh_apl_ord_cnt_his_rto,17,88510.89097833633,153,3,"(0.65, inf]",0.6499999761581421,inf,False,OOT,313787,116072,429859,0.2700234262862939,0.35821583333333334,0.9207277049568027,0.417409514575707,ok,
his_720_day_csh_apl_ord_cnt_his_rto,17,88510.89097833633,153,0,Missing,,,True,DEV-OOS,5876,51,5927,0.008604690399865025,0.0016463888888888889,-3.1766960522389405,0.006012893088107437,ok,
his_720_day_csh_apl_ord_cnt_his_rto,17,88510.89097833633,153,1,"(-inf, 0.3125]",-inf,0.3125,False,DEV-OOS,1679380,35813,1715193,0.020879865997587444,0.4764425,-2.287416571431745,1.1601038179841234,ok,
his_720_day_csh_apl_ord_cnt_his_rto,17,88510.89097833633,153,2,"(0.3125, 0.65]",0.3125,0.6499999761581421,False,DEV-OOS,260721,105158,365879,0.2874119585983344,0.10163305555555556,0.6524547136342138,0.05261754438617385,ok,
his_720_day_csh_apl_ord_cnt_his_rto,17,88510.89097833633,153,3,"(0.65, inf]",0.6499999761581421,inf,False,DEV-OOS,1029123,483878,1513001,0.319813403956772,0.42027805555555553,0.8058098597403469,0.3452210381274899,ok,
his_720_day_csh_apl_ord_cnt_his_rto,17,88510.89097833633,153,0,Missing,,,True,OOT-OOS,1933,6,1939,0.0030943785456420837,0.0016158333333333333,-3.9038715321009643,0.007190826171796206,ok,
his_720_day_csh_apl_ord_cnt_his_rto,17,88510.89097833633,153,1,"(-inf, 0.3125]",-inf,0.3125,False,OOT-OOS,611362,11220,622582,0.018021722439775,0.5188183333333334,-2.206534208507592,1.1671999555566823,ok,
his_720_day_csh_apl_ord_cnt_his_rto,17,88510.89097833633,153,2,"(0.3125, 0.65]",0.3125,0.6499999761581421,False,OOT-OOS,83304,28875,112179,0.2574011178562833,0.0934825,0.7319043174318233,0.06396527467675889,ok,
his_720_day_csh_apl_ord_cnt_his_rto,17,88510.89097833633,153,3,"(0.65, inf]",0.6499999761581421,inf,False,OOT-OOS,331923,131377,463300,0.2835678825814807,0.38608333333333333,0.864583739877985,0.3833742619998697,ok,
clk_cnt_14d,18,66581.06362402439,330,0,"(-inf, 1]",-inf,1.0,False,DEV,2686605,196280,2882885,0.06808457500039024,0.8008013888888889,-0.9048361671199783,0.4746402182219097,ok,
clk_cnt_14d,18,66581.06362402439,330,1,"(1, 28]",1.0,28.0,False,DEV,207618,151751,359369,0.4222707022586812,0.09982472222222222,1.398194907672293,0.2901485305189856,ok,
clk_cnt_14d,18,66581.06362402439,330,2,"(28, inf]",28.0,inf,False,DEV,155160,202586,357746,0.5662844588059684,0.09937388888888889,1.978359744891045,0.6272246709623743,ok,
clk_cnt_14d,18,66581.06362402439,330,0,"(-inf, 1]",-inf,1.0,False,OOT,941759,60444,1002203,0.060311134570541096,0.8351691666666666,-0.8307928640338689,0.42212158605422806,ok,
clk_cnt_14d,18,66581.06362402439,330,1,"(1, 28]",1.0,28.0,False,OOT,59022,40845,99867,0.40899396196941934,0.0832225,1.5471094104324135,0.32284046469739497,ok,
clk_cnt_14d,18,66581.06362402439,330,2,"(28, inf]",28.0,inf,False,OOT,45147,52783,97930,0.5389870315531502,0.08160833333333334,2.0714952159828757,0.6202502827413937,ok,
clk_cnt_14d,18,66581.06362402439,330,0,"(-inf, 1]",-inf,1.0,False,DEV-OOS,2591685,219714,2811399,0.07815112689447495,0.7809441666666667,-0.9072953412029837,0.47136393428288487,ok,
clk_cnt_14d,18,66581.06362402439,330,1,"(1, 28]",1.0,28.0,False,DEV-OOS,216420,170821,387241,0.44112322817057076,0.10756694444444445,1.3238352749178357,0.26557932911243864,ok,
clk_cnt_14d,18,66581.06362402439,330,2,"(28, inf]",28.0,inf,False,DEV-OOS,166995,234365,401360,0.5839271476978274,0.11148888888888889,1.899354394352505,0.6057285815665119,ok,
clk_cnt_14d,18,66581.06362402439,330,0,"(-inf, 1]",-inf,1.0,False,OOT-OOS,915832,68368,984200,0.06946555578134525,0.8201666666666667,-0.8035054637459114,0.39511288136358275,ok,
clk_cnt_14d,18,66581.06362402439,330,1,"(1, 28]",1.0,28.0,False,OOT-OOS,63120,44933,108053,0.4158422255744866,0.09004416666666666,1.4515538527835985,0.29127492873861965,ok,
clk_cnt_14d,18,66581.06362402439,330,2,"(28, inf]",28.0,inf,False,OOT-OOS,49570,58177,107747,0.5399407872144932,0.08978916666666667,1.9515186150307025,0.5680327613652164,ok,
cnt_avb_lmt_2m_v2,19,60108.80470466614,61,0,Missing,,,True,DEV,9737,185,9922,0.01864543438822818,0.002756111111111111,-2.2490334422300844,0.0064240785185737306,ok,
cnt_avb_lmt_2m_v2,19,60108.80470466614,61,1,"(-inf, 2]",-inf,2.0,False,DEV,2676960,141333,2818293,0.05014844091795991,0.7828591666666667,-1.2296635763785035,0.7638521989184534,ok,
cnt_avb_lmt_2m_v2,19,60108.80470466614,61,2,"(2, 3]",2.0,3.0,False,DEV,42933,21692,64625,0.3356595744680851,0.017951388888888888,1.0289655376047508,0.02605046481620562,ok,
cnt_avb_lmt_2m_v2,19,60108.80470466614,61,3,"(3, 8]",3.0,8.0,False,DEV,201844,153997,355841,0.43276913003279555,0.09884472222222222,1.4410901354457417,0.30765627521723654,ok,
cnt_avb_lmt_2m_v2,19,60108.80470466614,61,4,"(8, inf]",8.0,inf,False,DEV,117909,233410,351319,0.6643819434758723,0.09758861111111111,2.3945326908313644,0.922466452528618,ok,
cnt_avb_lmt_2m_v2,19,60108.80470466614,61,0,Missing,,,True,OOT,3273,33,3306,0.009981851179673321,0.002755,-2.6668436418976125,0.007766706814712895,ok,
cnt_avb_lmt_2m_v2,19,60108.80470466614,61,1,"(-inf, 2]",-inf,2.0,False,OOT,935942,48064,984006,0.04884523061851249,0.820005,-1.0537842369303156,0.6142357966604188,ok,
cnt_avb_lmt_2m_v2,19,60108.80470466614,61,2,"(2, 3]",2.0,3.0,False,OOT,11177,5487,16664,0.3292726836293807,0.013886666666666667,1.2037958964278037,0.03000970549371519,ok,
cnt_avb_lmt_2m_v2,19,60108.80470466614,61,3,"(3, 8]",3.0,8.0,False,OOT,59704,44314,104018,0.4260224191966775,0.08668166666666667,1.6171304899756047,0.3728046750188887,ok,
cnt_avb_lmt_2m_v2,19,60108.80470466614,61,4,"(8, inf]",8.0,inf,False,OOT,35832,56174,92006,0.6105471382301154,0.07667166666666667,2.3648335616124956,0.7811852471915482,ok,
cnt_avb_lmt_2m_v2,19,60108.80470466614,61,0,Missing,,,True,DEV-OOS,9213,169,9382,0.01801321679812407,0.002606111111111111,-2.4351340183538217,0.0068807774534368656,ok,
cnt_avb_lmt_2m_v2,19,60108.80470466614,61,1,"(-inf, 2]",-inf,2.0,False,DEV-OOS,2589378,165930,2755308,0.06022194251967475,0.7653633333333333,-1.1871660049186663,0.7180206962404302,ok,
cnt_avb_lmt_2m_v2,19,60108.80470466614,61,2,"(2, 3]",2.0,3.0,False,DEV-OOS,45489,25059,70548,0.3552049668310937,0.019596666666666665,0.9642096006597215,0.023923384678763093,ok,
cnt_avb_lmt_2m_v2,19,60108.80470466614,61,3,"(3, 8]",3.0,8.0,False,DEV-OOS,208613,174887,383500,0.4560286831812256,0.10652777777777778,1.3840977860253538,0.29030605343257027,ok,
cnt_avb_lmt_2m_v2,19,60108.80470466614,61,4,"(8, inf]",8.0,inf,False,DEV-OOS,122407,258855,381262,0.678942564430759,0.10590611111111112,2.3093524818388707,0.8615950700002205,ok,
cnt_avb_lmt_2m_v2,19,60108.80470466614,61,0,Missing,,,True,OOT-OOS,3027,33,3060,0.010784313725490196,0.00255,-2.7125360642057,0.00745453624073226,ok,
cnt_avb_lmt_2m_v2,19,60108.80470466614,61,1,"(-inf, 2]",-inf,2.0,False,OOT-OOS,912596,57569,970165,0.05933939072219674,0.8084708333333334,-0.9718899473283095,0.5360621229081841,ok,
cnt_avb_lmt_2m_v2,19,60108.80470466614,61,2,"(2, 3]",2.0,3.0,False,OOT-OOS,12303,6425,18728,0.34306920119607004,0.015606666666666666,1.1418016464091678,0.02912559127336212,ok,
cnt_avb_lmt_2m_v2,19,60108.80470466614,61,3,"(3, 8]",3.0,8.0,False,OOT-OOS,63057,48662,111719,0.43557496934272594,0.09309916666666666,1.5322726767788082,0.3408845829958115,ok,
cnt_avb_lmt_2m_v2,19,60108.80470466614,61,4,"(8, inf]",8.0,inf,False,OOT-OOS,37539,58789,96328,0.6103002242338676,0.08027333333333334,2.2399805279773637,0.6861877910760598,ok,
d360_max_faqi_prc_amt_divide_rsk_avl_lmt_cash,20,57697.03620815277,542,0,Missing,,,True,DEV,2033412,22436,2055848,0.01091325817862021,0.5710688888888888,-2.795134696839426,1.749974572863839,ok,
d360_max_faqi_prc_amt_divide_rsk_avl_lmt_cash,20,57697.03620815277,542,1,"(-inf, 0.196185]",-inf,0.1961854189634323,False,DEV,115442,38974,154416,0.2523961247539115,0.04289333333333333,0.6257819169343963,0.02060388468794788,ok,
d360_max_faqi_prc_amt_divide_rsk_avl_lmt_cash,20,57697.03620815277,542,2,"(0.196185, 0.396476]",0.1961854189634323,0.3964763462543488,False,DEV,115639,38776,154415,0.2511155004371337,0.04289305555555555,0.6189837009705021,0.020117482777794155,ok,
d360_max_faqi_prc_amt_divide_rsk_avl_lmt_cash,20,57697.03620815277,542,3,"(0.396476, 0.610089]",0.3964763462543488,0.6100893259048468,False,DEV,115502,38913,154415,0.2520027199430107,0.04289305555555555,0.623695960683213,0.020453837290355204,ok,
d360_max_faqi_prc_amt_divide_rsk_avl_lmt_cash,20,57697.03620815277,542,4,"(0.610089, 0.849417]",0.6100893259048468,0.8494173526763917,False,DEV,111663,42752,154415,0.27686429427192955,0.04289305555555555,0.7515846899711646,0.03083422343837957,ok,
d360_max_faqi_prc_amt_divide_rsk_avl_lmt_cash,20,57697.03620815277,542,5,"(0.849417, 1]",0.8494173526763917,1.0,False,DEV,190303,55137,245440,0.22464553455019556,0.06817777777777778,0.4728568005974663,0.017840679609827152,ok,
d360_max_faqi_prc_amt_divide_rsk_avl_lmt_cash,20,57697.03620815277,542,6,"(1, 1.2019]",1.0,1.201901698112488,False,DEV,37251,26139,63390,0.4123521060104117,0.017608333333333333,1.3574022690804113,0.04785735825844886,ok,
d360_max_faqi_prc_amt_divide_rsk_avl_lmt_cash,20,57697.03620815277,542,7,"(1.2019, 1.94319]",1.201901698112488,1.9431906223297128,False,DEV,86718,67697,154415,0.4384094809442088,0.04289305555555555,1.4640289124327497,0.13836422044297184,ok,
d360_max_faqi_prc_amt_divide_rsk_avl_lmt_cash,20,57697.03620815277,542,8,"(1.94319, 3.44525]",1.9431906223297128,3.4452468872070328,False,DEV,83688,70727,154415,0.458031926950102,0.04289305555555555,1.5433797934586273,0.15589018355347628,ok,
d360_max_faqi_prc_amt_divide_rsk_avl_lmt_cash,20,57697.03620815277,542,9,"(3.44525, 8.5524]",3.4452468872070328,8.552399444580079,False,DEV,82342,72073,154415,0.466748696693974,0.04289305555555555,1.5784459551705063,0.16398731297532385,ok,
d360_max_faqi_prc_amt_divide_rsk_avl_lmt_cash,20,57697.03620815277,542,10,"(8.5524, inf]",8.552399444580079,inf,False,DEV,77423,76993,154416,0.498607657237592,0.04289333333333333,1.7060775519338114,0.19524364337196917,ok,
d360_max_faqi_prc_amt_divide_rsk_avl_lmt_cash,20,57697.03620815277,542,0,Missing,,,True,OOT,731797,6956,738753,0.009415867008323486,0.6156275,-2.7406180175481833,1.793762790303776,ok,
d360_max_faqi_prc_amt_divide_rsk_avl_lmt_cash,20,57697.03620815277,542,1,"(-inf, 0.196185]",-inf,0.1961854189634323,False,OOT,39040,13589,52629,0.25820365197894696,0.0438575,0.8599072113849957,0.04374617460874129,ok,
d360_max_faqi_prc_amt_divide_rsk_avl_lmt_cash,20,57697.03620815277,542,2,"(0.196185, 0.396476]",0.1961854189634323,0.3964763462543488,False,OOT,38118,13178,51296,0.2569011228945727,0.04274666666666667,0.8530963297048668,0.04187607110072798,ok,
d360_max_faqi_prc_amt_divide_rsk_avl_lmt_cash,20,57697.03620815277,542,3,"(0.396476, 0.610089]",0.3964763462543488,0.6100893259048468,False,OOT,38005,13346,51351,0.2598975677202002,0.0427925,0.8687326365906779,0.04368470021642378,ok,
d360_max_faqi_prc_amt_divide_rsk_avl_lmt_cash,20,57697.03620815277,542,4,"(0.610089, 0.849417]",0.6100893259048468,0.8494173526763917,False,OOT,38680,16278,54958,0.29618981767895486,0.04579833333333334,1.0497189661560895,0.07208376062722807,ok,
d360_max_faqi_prc_amt_divide_rsk_avl_lmt_cash,20,57697.03620815277,542,5,"(0.849417, 1]",0.8494173526763917,1.0,False,OOT,66814,23796,90610,0.26262001986535705,0.07550833333333333,0.8828277326815641,0.07995307032259122,ok,
d360_max_faqi_prc_amt_divide_rsk_avl_lmt_cash,20,57697.03620815277,542,6,"(1, 1.2019]",1.0,1.201901698112488,False,OOT,13616,8756,22372,0.39138208474879316,0.018643333333333335,1.4737233335670188,0.0645686458549664,ok,
d360_max_faqi_prc_amt_divide_rsk_avl_lmt_cash,20,57697.03620815277,542,7,"(1.2019, 1.94319]",1.201901698112488,1.9431906223297128,False,OOT,29381,19233,48614,0.3956267741802773,0.04051166666666667,1.4914976702350011,0.1442857884510459,ok,
d360_max_faqi_prc_amt_divide_rsk_avl_lmt_cash,20,57697.03620815277,542,8,"(1.94319, 3.44525]",1.9431906223297128,3.4452468872070328,False,OOT,21165,15084,36249,0.4161218240503186,0.0302075,1.5765045734490253,0.12244086675097114,ok,
d360_max_faqi_prc_amt_divide_rsk_avl_lmt_cash,20,57697.03620815277,542,9,"(3.44525, 8.5524]",3.4452468872070328,8.552399444580079,False,OOT,15864,12084,27948,0.4323744096178617,0.02329,1.6430490755702598,0.10394506577793534,ok,
d360_max_faqi_prc_amt_divide_rsk_avl_lmt_cash,20,57697.03620815277,542,10,"(8.5524, inf]",8.552399444580079,inf,False,OOT,13448,11772,25220,0.4667724028548771,0.021016666666666666,1.7821080719679252,0.11325022696342606,ok,
d360_max_faqi_prc_amt_divide_rsk_avl_lmt_cash,20,57697.03620815277,542,0,Missing,,,True,DEV-OOS,1933727,24528,1958255,0.012525437187700274,0.5439597222222222,-2.806934718376912,1.7142451441797593,ok,
d360_max_faqi_prc_amt_divide_rsk_avl_lmt_cash,20,57697.03620815277,542,1,"(-inf, 0.196185]",-inf,0.1961854189634323,False,DEV-OOS,111298,39840,151138,0.2636001535020974,0.04198277777777778,0.5331025429680204,0.014044323037917257,ok,
d360_max_faqi_prc_amt_divide_rsk_avl_lmt_cash,20,57697.03620815277,542,2,"(0.196185, 0.396476]",0.1961854189634323,0.3964763462543488,False,DEV-OOS,112886,41250,154136,0.26762080240826286,0.04281555555555556,0.5537146859896774,0.01554115681391433,ok,
d360_max_faqi_prc_amt_divide_rsk_avl_lmt_cash,20,57697.03620815277,542,3,"(0.396476, 0.610089]",0.3964763462543488,0.6100893259048468,False,DEV-OOS,113359,42036,155395,0.27051063419028926,0.043165277777777775,0.5684084450846688,0.01657813738799,ok,
d360_max_faqi_prc_amt_divide_rsk_avl_lmt_cash,20,57697.03620815277,542,4,"(0.610089, 0.849417]",0.6100893259048468,0.8494173526763917,False,DEV-OOS,111480,47662,159142,0.29949353407648516,0.04420611111111111,0.7107295787018625,0.027576609065697224,ok,
d360_max_faqi_prc_amt_divide_rsk_avl_lmt_cash,20,57697.03620815277,542,5,"(0.849417, 1]",0.8494173526763917,1.0,False,DEV-OOS,191486,65027,256513,0.2535037210589717,0.07125361111111111,0.48042728852602984,0.01907142896473339,ok,
d360_max_faqi_prc_amt_divide_rsk_avl_lmt_cash,20,57697.03620815277,542,6,"(1, 1.2019]",1.0,1.201901698112488,False,DEV-OOS,37914,29927,67841,0.4411344172403119,0.01884472222222222,1.3238785067016023,0.04653078593120995,ok,
d360_max_faqi_prc_amt_divide_rsk_avl_lmt_cash,20,57697.03620815277,542,7,"(1.2019, 1.94319]",1.201901698112488,1.9431906223297128,False,DEV-OOS,90576,77637,168213,0.4615398334254784,0.046725833333333334,1.4062901016115519,0.1319015487453128,ok,
d360_max_faqi_prc_amt_divide_rsk_avl_lmt_cash,20,57697.03620815277,542,8,"(1.94319, 3.44525]",1.9431906223297128,3.4452468872070328,False,DEV-OOS,90721,82461,173182,0.47615225600813016,0.04810611111111111,1.4649714847482131,0.1486430557310934,ok,
d360_max_faqi_prc_amt_divide_rsk_avl_lmt_cash,20,57697.03620815277,542,9,"(3.44525, 8.5524]",3.4452468872070328,8.552399444580079,False,DEV-OOS,92939,83938,176877,0.47455576474046934,0.0491325,1.4585699852425795,0.15035354985218247,ok,
d360_max_faqi_prc_amt_divide_rsk_avl_lmt_cash,20,57697.03620815277,542,10,"(8.5524, inf]",8.552399444580079,inf,False,DEV-OOS,88714,90594,179308,0.5052423762464586,0.04980777777777778,1.5814044977015804,0.18210533403878734,ok,
d360_max_faqi_prc_amt_divide_rsk_avl_lmt_cash,20,57697.03620815277,542,0,Missing,,,True,OOT-OOS,690563,7049,697612,0.010104470679976836,0.5813433333333333,-2.7931548440054312,1.760528134910533,ok,
d360_max_faqi_prc_amt_divide_rsk_avl_lmt_cash,20,57697.03620815277,542,1,"(-inf, 0.196185]",-inf,0.1961854189634323,False,OOT-OOS,38315,13816,52131,0.26502464944083176,0.0434425,0.7714054106960966,0.0334154791006857,ok,
d360_max_faqi_prc_amt_divide_rsk_avl_lmt_cash,20,57697.03620815277,542,2,"(0.196185, 0.396476]",0.1961854189634323,0.3964763462543488,False,OOT-OOS,38741,13650,52391,0.260540932602928,0.043659166666666666,0.7482611687363661,0.03137867242944115,ok,
d360_max_faqi_prc_amt_divide_rsk_avl_lmt_cash,20,57697.03620815277,542,3,"(0.396476, 0.610089]",0.3964763462543488,0.6100893259048468,False,OOT-OOS,38961,14611,53572,0.27273575748525347,0.044643333333333333,0.8106313054755856,0.03836360844753841,ok,
d360_max_faqi_prc_amt_divide_rsk_avl_lmt_cash,20,57697.03620815277,542,4,"(0.610089, 0.849417]",0.6100893259048468,0.8494173526763917,False,OOT-OOS,41029,17914,58943,0.30392073698318717,0.049119166666666665,0.9627155152583131,0.062168588038065124,ok,
d360_max_faqi_prc_amt_divide_rsk_avl_lmt_cash,20,57697.03620815277,542,5,"(0.849417, 1]",0.8494173526763917,1.0,False,OOT-OOS,70664,27640,98304,0.2811686197916667,0.08192,0.8527351579428686,0.07886100904932206,ok,
d360_max_faqi_prc_amt_divide_rsk_avl_lmt_cash,20,57697.03620815277,542,6,"(1, 1.2019]",1.0,1.201901698112488,False,OOT-OOS,14464,9579,24043,0.3984111799692218,0.020035833333333333,1.3793244215559837,0.05765466899091071,ok,
d360_max_faqi_prc_amt_divide_rsk_avl_lmt_cash,20,57697.03620815277,542,7,"(1.2019, 1.94319]",1.201901698112488,1.9431906223297128,False,OOT-OOS,31998,21475,53473,0.40160454808969015,0.044560833333333334,1.392620118423781,0.13107708426906856,ok,
d360_max_faqi_prc_amt_divide_rsk_avl_lmt_cash,20,57697.03620815277,542,8,"(1.94319, 3.44525]",1.9431906223297128,3.4452468872070328,False,OOT-OOS,25526,17508,43034,0.4068411023841614,0.03586166666666667,1.4143657436928176,0.10930460542791515,ok,
d360_max_faqi_prc_amt_divide_rsk_avl_lmt_cash,20,57697.03620815277,542,9,"(3.44525, 8.5524]",3.4452468872070328,8.552399444580079,False,OOT-OOS,20926,14552,35478,0.41016968262021536,0.029565,1.4281428964081038,0.09213851658147514,ok,
d360_max_faqi_prc_amt_divide_rsk_avl_lmt_cash,20,57697.03620815277,542,10,"(8.5524, inf]",8.552399444580079,inf,False,OOT-OOS,17335,13684,31019,0.4411489732099681,0.025849166666666666,1.5549037780085184,0.09787497688538291,ok,
